ChEMBL ID,Molecule Name,SMILES,Molecular Weight,TPSA,Activity Type,Activity (nM),pActivity,Target ChEMBL ID,SEI,BEI,QED,HBD,HBA,Heavy Atoms,NPOL,NSEI,nBEI,Kingdom,Superclass,Class,Subclass
CHEMBL1516388,,CC(=O)O.Cc1cc2c(C(C)C)c(O)c(O)c(C=O)c2c(O)c1-c1c(C)cc2c(C(C)C)c(O)c(O)c(C=O)c2c1O,578.61,155.52,IC50,5386.0,5.268733650924508,CHEMBL1075145,3.387817419575944,9.105846167408975,0.10184847609787051,7,9,42,16,0.32929585318278176,6.891982941322409,Organic compounds,Organic oxygen compounds,Organooxygen compounds,Alcohols and polyols
CHEMBL1516388,,CC(=O)O.Cc1cc2c(C(C)C)c(O)c(O)c(C=O)c2c(O)c1-c1c(C)cc2c(C(C)C)c(O)c(O)c(C=O)c2c1O,578.61,155.52,IC50,50000.0,4.301029995663981,CHEMBL242,2.765579986923856,7.433383445954928,0.10184847609787051,7,9,42,16,0.26881437472899883,5.924279286061882,Organic compounds,Organic oxygen compounds,Organooxygen compounds,Alcohols and polyols
CHEMBL1516388,,CC(=O)O.Cc1cc2c(C(C)C)c(O)c(O)c(C=O)c2c(O)c1-c1c(C)cc2c(C(C)C)c(O)c(O)c(C=O)c2c1O,578.61,155.52,IC50,1355.69,5.867839607431349,CHEMBL4361,3.773045015066453,10.141268915904233,0.10184847609787051,7,9,42,16,0.3667399754644593,7.49108889782925,Organic compounds,Organic oxygen compounds,Organooxygen compounds,Alcohols and polyols
CHEMBL1516388,,CC(=O)O.Cc1cc2c(C(C)C)c(O)c(O)c(C=O)c2c(O)c1-c1c(C)cc2c(C(C)C)c(O)c(O)c(C=O)c2c1O,578.61,155.52,IC50,15540.0,4.808548985535104,CHEMBL1075145,3.091916785966502,8.310518286125548,0.10184847609787051,7,9,42,16,0.300534311595944,6.431798275933005,Organic compounds,Organic oxygen compounds,Organooxygen compounds,Alcohols and polyols
CHEMBL1516388,,CC(=O)O.Cc1cc2c(C(C)C)c(O)c(O)c(C=O)c2c(O)c1-c1c(C)cc2c(C(C)C)c(O)c(O)c(C=O)c2c1O,578.61,155.52,IC50,430.0,6.366531544420414,CHEMBL4106139,4.093705982780616,11.003148138505061,0.10184847609787051,7,9,42,16,0.39790822152627586,7.989780834818315,Organic compounds,Organic oxygen compounds,Organooxygen compounds,Alcohols and polyols
CHEMBL1516388,,CC(=O)O.Cc1cc2c(C(C)C)c(O)c(O)c(C=O)c2c(O)c1-c1c(C)cc2c(C(C)C)c(O)c(O)c(C=O)c2c1O,578.61,155.52,IC50,11000.0,4.958607314841775,CHEMBL4295835,3.18840490923468,8.569861071951356,0.10184847609787051,7,9,42,16,0.3099129571776109,6.581856605239675,Organic compounds,Organic oxygen compounds,Organooxygen compounds,Alcohols and polyols
CHEMBL1516388,,CC(=O)O.Cc1cc2c(C(C)C)c(O)c(O)c(C=O)c2c(O)c1-c1c(C)cc2c(C(C)C)c(O)c(O)c(C=O)c2c1O,578.61,155.52,IC50,48000.0,4.318758762624412,CHEMBL612545,2.7769796570373018,7.4640237165351655,0.10184847609787051,7,9,42,16,0.2699224226640258,5.942008053022313,Organic compounds,Organic oxygen compounds,Organooxygen compounds,Alcohols and polyols
CHEMBL1516388,,CC(=O)O.Cc1cc2c(C(C)C)c(O)c(O)c(C=O)c2c(O)c1-c1c(C)cc2c(C(C)C)c(O)c(O)c(C=O)c2c1O,578.61,155.52,IC50,660.0,6.180456064458132,CHEMBL4106139,3.974058683422152,10.681557637196265,0.10184847609787051,7,9,42,16,0.38627850402863323,7.8037053548560325,Organic compounds,Organic oxygen compounds,Organooxygen compounds,Alcohols and polyols
CHEMBL1516388,,CC(=O)O.Cc1cc2c(C(C)C)c(O)c(O)c(C=O)c2c(O)c1-c1c(C)cc2c(C(C)C)c(O)c(O)c(C=O)c2c1O,578.61,155.52,IC50,1200.0,5.920818753952375,CHEMBL4106131,3.8071108243006524,10.23283170693969,0.10184847609787051,7,9,42,16,0.37005117212202343,7.544068044350276,Organic compounds,Organic oxygen compounds,Organooxygen compounds,Alcohols and polyols
CHEMBL1516388,,CC(=O)O.Cc1cc2c(C(C)C)c(O)c(O)c(C=O)c2c(O)c1-c1c(C)cc2c(C(C)C)c(O)c(O)c(C=O)c2c1O,578.61,155.52,IC50,250000.0,3.6020599913279625,CHEMBL4296299,2.316139397716025,6.225367676548905,0.10184847609787051,7,9,42,16,0.22512874945799766,5.225309281725863,Organic compounds,Organic oxygen compounds,Organooxygen compounds,Alcohols and polyols
CHEMBL1516388,,CC(=O)O.Cc1cc2c(C(C)C)c(O)c(O)c(C=O)c2c(O)c1-c1c(C)cc2c(C(C)C)c(O)c(O)c(C=O)c2c1O,578.61,155.52,IC50,6530.0,5.185086818724926,CHEMBL1075145,3.3340321622459657,8.961281033381596,0.10184847609787051,7,9,42,16,0.3240679261703079,6.808336109122827,Organic compounds,Organic oxygen compounds,Organooxygen compounds,Alcohols and polyols
CHEMBL51483,GOSSYPOL,Cc1cc2c(C(C)C)c(O)c(O)c(C=O)c2c(O)c1-c1c(C)cc2c(C(C)C)c(O)c(O)c(C=O)c2c1O,518.56,155.52,IC50,13000.0,4.886056647693163,CHEMBL364,3.1417545316957063,9.422355460685676,0.1312357685384841,6,8,38,14,0.3490040462637974,6.465840244309973,Organic compounds,Lipids and lipid-like molecules,Prenol lipids,Sesquiterpenoids
CHEMBL51483,GOSSYPOL,Cc1cc2c(C(C)C)c(O)c(O)c(C=O)c2c(O)c1-c1c(C)cc2c(C(C)C)c(O)c(O)c(C=O)c2c1O,518.56,155.52,IC50,7000.0,5.154901959985743,CHEMBL364,3.3146231738591454,9.940801373005524,0.1312357685384841,6,8,38,14,0.36820728285612453,6.734685556602553,Organic compounds,Lipids and lipid-like molecules,Prenol lipids,Sesquiterpenoids
CHEMBL51483,GOSSYPOL,Cc1cc2c(C(C)C)c(O)c(O)c(C=O)c2c(O)c1-c1c(C)cc2c(C(C)C)c(O)c(O)c(C=O)c2c1O,518.56,155.52,IC50,500.0,6.301029995663981,CHEMBL4625,4.051588217376531,12.151014339061984,0.1312357685384841,6,8,38,14,0.4500735711188558,7.880813592280791,Organic compounds,Lipids and lipid-like molecules,Prenol lipids,Sesquiterpenoids
CHEMBL51483,GOSSYPOL,Cc1cc2c(C(C)C)c(O)c(O)c(C=O)c2c(O)c1-c1c(C)cc2c(C(C)C)c(O)c(O)c(C=O)c2c1O,518.56,155.52,IC50,13200.0,4.87942606879415,CHEMBL614328,3.1374910421773086,9.409568938587919,0.1312357685384841,6,8,38,14,0.34853043348529644,6.4592096654109605,Organic compounds,Lipids and lipid-like molecules,Prenol lipids,Sesquiterpenoids
CHEMBL51483,GOSSYPOL,Cc1cc2c(C(C)C)c(O)c(O)c(C=O)c2c(O)c1-c1c(C)cc2c(C(C)C)c(O)c(O)c(C=O)c2c1O,518.56,155.52,IC50,8400.0,5.075720713938118,CHEMBL614393,3.2637093068017733,9.78810689975725,0.1312357685384841,6,8,38,14,0.36255147956700845,6.655504310554928,Organic compounds,Lipids and lipid-like molecules,Prenol lipids,Sesquiterpenoids
CHEMBL51483,GOSSYPOL,Cc1cc2c(C(C)C)c(O)c(O)c(C=O)c2c(O)c1-c1c(C)cc2c(C(C)C)c(O)c(O)c(C=O)c2c1O,518.56,155.52,IC50,500.0,6.301029995663981,CHEMBL4860,4.051588217376531,12.151014339061984,0.1312357685384841,6,8,38,14,0.4500735711188558,7.880813592280791,Organic compounds,Lipids and lipid-like molecules,Prenol lipids,Sesquiterpenoids
CHEMBL51483,GOSSYPOL,Cc1cc2c(C(C)C)c(O)c(O)c(C=O)c2c(O)c1-c1c(C)cc2c(C(C)C)c(O)c(O)c(C=O)c2c1O,518.56,155.52,IC50,82000.0,4.086186147616283,CHEMBL2026,2.627434508498124,7.879871466399807,0.1312357685384841,6,8,38,14,0.2918704391154488,5.665969744233093,Organic compounds,Lipids and lipid-like molecules,Prenol lipids,Sesquiterpenoids
CHEMBL51483,GOSSYPOL,Cc1cc2c(C(C)C)c(O)c(O)c(C=O)c2c(O)c1-c1c(C)cc2c(C(C)C)c(O)c(O)c(C=O)c2c1O,518.56,155.52,IC50,46000.0,4.337242168318426,CHEMBL2026,2.7888645629619506,8.364012203637817,0.1312357685384841,6,8,38,14,0.3098030120227447,5.917025764935236,Organic compounds,Lipids and lipid-like molecules,Prenol lipids,Sesquiterpenoids
CHEMBL51483,GOSSYPOL,Cc1cc2c(C(C)C)c(O)c(O)c(C=O)c2c(O)c1-c1c(C)cc2c(C(C)C)c(O)c(O)c(C=O)c2c1O,518.56,155.52,IC50,1900.0,5.721246399047171,CHEMBL400,3.678784978811195,11.032949705043142,0.1312357685384841,6,8,38,14,0.4086604570747979,7.301029995663981,Organic compounds,Lipids and lipid-like molecules,Prenol lipids,Sesquiterpenoids
CHEMBL51483,GOSSYPOL,Cc1cc2c(C(C)C)c(O)c(O)c(C=O)c2c(O)c1-c1c(C)cc2c(C(C)C)c(O)c(O)c(C=O)c2c1O,518.56,155.52,IC50,2640.0,5.578396073130169,CHEMBL6071,3.586931631385139,10.757474685919027,0.1312357685384841,6,8,38,14,0.3984568623664407,7.158179669746979,Organic compounds,Lipids and lipid-like molecules,Prenol lipids,Sesquiterpenoids
CHEMBL51483,GOSSYPOL,Cc1cc2c(C(C)C)c(O)c(O)c(C=O)c2c(O)c1-c1c(C)cc2c(C(C)C)c(O)c(O)c(C=O)c2c1O,518.56,155.52,IC50,9540.0,5.020451625295905,CHEMBL612545,3.228171055360021,9.68152504106739,0.1312357685384841,6,8,38,14,0.3586036875211361,6.600235221912715,Organic compounds,Lipids and lipid-like molecules,Prenol lipids,Sesquiterpenoids
CHEMBL51483,GOSSYPOL,Cc1cc2c(C(C)C)c(O)c(O)c(C=O)c2c(O)c1-c1c(C)cc2c(C(C)C)c(O)c(O)c(C=O)c2c1O,518.56,155.52,IC50,2030.0,5.692503962086787,CHEMBL6072,3.660303473564035,10.977522296526512,0.1312357685384841,6,8,38,14,0.406607425863342,7.2722875587035976,Organic compounds,Lipids and lipid-like molecules,Prenol lipids,Sesquiterpenoids
CHEMBL51483,GOSSYPOL,Cc1cc2c(C(C)C)c(O)c(O)c(C=O)c2c(O)c1-c1c(C)cc2c(C(C)C)c(O)c(O)c(C=O)c2c1O,518.56,155.52,IC50,2800.0,5.552841968657781,CHEMBL3444,3.5705002370484697,10.708195712468724,0.1312357685384841,6,8,38,14,0.3966315691898415,7.132625565274591,Organic compounds,Lipids and lipid-like molecules,Prenol lipids,Sesquiterpenoids
CHEMBL51483,GOSSYPOL,Cc1cc2c(C(C)C)c(O)c(O)c(C=O)c2c(O)c1-c1c(C)cc2c(C(C)C)c(O)c(O)c(C=O)c2c1O,518.56,155.52,IC50,5800.0,5.236572006437063,CHEMBL4048,3.36713734981807,10.09829529164815,0.1312357685384841,6,8,38,14,0.3740408576026474,6.816355603053873,Organic compounds,Lipids and lipid-like molecules,Prenol lipids,Sesquiterpenoids
CHEMBL51483,GOSSYPOL,Cc1cc2c(C(C)C)c(O)c(O)c(C=O)c2c(O)c1-c1c(C)cc2c(C(C)C)c(O)c(O)c(C=O)c2c1O,518.56,155.52,IC50,25000.0,4.6020599913279625,CHEMBL4581,2.9591435129423624,8.874691436531863,0.1312357685384841,6,8,38,14,0.3287185708091402,6.181843587944773,Organic compounds,Lipids and lipid-like molecules,Prenol lipids,Sesquiterpenoids
CHEMBL51483,GOSSYPOL,Cc1cc2c(C(C)C)c(O)c(O)c(C=O)c2c(O)c1-c1c(C)cc2c(C(C)C)c(O)c(O)c(C=O)c2c1O,518.56,155.52,IC50,3700.0,5.431798275933005,CHEMBL400,3.4926686445042465,10.474772978889629,0.1312357685384841,6,8,38,14,0.3879855911380718,7.011581872549815,Organic compounds,Lipids and lipid-like molecules,Prenol lipids,Sesquiterpenoids
CHEMBL51483,GOSSYPOL,Cc1cc2c(C(C)C)c(O)c(O)c(C=O)c2c(O)c1-c1c(C)cc2c(C(C)C)c(O)c(O)c(C=O)c2c1O,518.56,155.52,IC50,2500.0,5.6020599913279625,CHEMBL390,3.6021476281686997,10.803108591730878,0.1312357685384841,6,8,38,14,0.4001471422377116,7.181843587944773,Organic compounds,Lipids and lipid-like molecules,Prenol lipids,Sesquiterpenoids
CHEMBL51483,GOSSYPOL,Cc1cc2c(C(C)C)c(O)c(O)c(C=O)c2c(O)c1-c1c(C)cc2c(C(C)C)c(O)c(O)c(C=O)c2c1O,518.56,155.52,IC50,4500.0,5.346787486224656,CHEMBL364,3.4380063568831374,10.310836713639032,0.1312357685384841,6,8,38,14,0.38191339187318973,6.926571082841466,Organic compounds,Lipids and lipid-like molecules,Prenol lipids,Sesquiterpenoids
CHEMBL51483,GOSSYPOL,Cc1cc2c(C(C)C)c(O)c(O)c(C=O)c2c(O)c1-c1c(C)cc2c(C(C)C)c(O)c(O)c(C=O)c2c1O,518.56,155.52,IC50,12000.0,4.920818753952375,CHEMBL364,3.1641067090743147,9.48939130274679,0.1312357685384841,6,8,38,14,0.35148705385374107,6.500602350569185,Organic compounds,Lipids and lipid-like molecules,Prenol lipids,Sesquiterpenoids
CHEMBL51483,GOSSYPOL,Cc1cc2c(C(C)C)c(O)c(O)c(C=O)c2c(O)c1-c1c(C)cc2c(C(C)C)c(O)c(O)c(C=O)c2c1O,518.56,155.52,IC50,47900.0,4.319664486585436,CHEMBL364,2.7775620412714996,8.330115100635291,0.1312357685384841,6,8,38,14,0.3085474633275312,5.8994480832022465,Organic compounds,Lipids and lipid-like molecules,Prenol lipids,Sesquiterpenoids
CHEMBL51483,GOSSYPOL,Cc1cc2c(C(C)C)c(O)c(O)c(C=O)c2c(O)c1-c1c(C)cc2c(C(C)C)c(O)c(O)c(C=O)c2c1O,518.56,155.52,IC50,17800.0,4.749579997691106,CHEMBL399,3.0539994841120794,9.159171547537618,0.1312357685384841,6,8,38,14,0.3392557141207933,6.3293635943079165,Organic compounds,Lipids and lipid-like molecules,Prenol lipids,Sesquiterpenoids
CHEMBL51483,GOSSYPOL,Cc1cc2c(C(C)C)c(O)c(O)c(C=O)c2c(O)c1-c1c(C)cc2c(C(C)C)c(O)c(O)c(C=O)c2c1O,518.56,155.52,IC50,31300.0,4.504455662453552,CHEMBL399,2.8963835278122114,8.686469574308763,0.1312357685384841,6,8,38,14,0.32174683303239654,6.084239259070362,Organic compounds,Lipids and lipid-like molecules,Prenol lipids,Sesquiterpenoids
CHEMBL51483,GOSSYPOL,Cc1cc2c(C(C)C)c(O)c(O)c(C=O)c2c(O)c1-c1c(C)cc2c(C(C)C)c(O)c(O)c(C=O)c2c1O,518.56,155.52,IC50,30200.0,4.519993057042849,CHEMBL3879801,2.906374136473025,8.716432152581861,0.1312357685384841,6,8,38,14,0.3228566469316321,6.099776653659659,Organic compounds,Lipids and lipid-like molecules,Prenol lipids,Sesquiterpenoids
CHEMBL51483,GOSSYPOL,Cc1cc2c(C(C)C)c(O)c(O)c(C=O)c2c(O)c1-c1c(C)cc2c(C(C)C)c(O)c(O)c(C=O)c2c1O,518.56,155.52,IC50,59600.0,4.2247537402597635,CHEMBL3879801,2.716534040804889,8.147087589208123,0.1312357685384841,6,8,38,14,0.3017681243042688,5.804537336876574,Organic compounds,Lipids and lipid-like molecules,Prenol lipids,Sesquiterpenoids
CHEMBL51483,GOSSYPOL,Cc1cc2c(C(C)C)c(O)c(O)c(C=O)c2c(O)c1-c1c(C)cc2c(C(C)C)c(O)c(O)c(C=O)c2c1O,518.56,155.52,IC50,18400.0,4.735182176990463,CHEMBL3879801,3.044741626151275,9.131406543101019,0.1312357685384841,6,8,38,14,0.33822729835646165,6.314965773607273,Organic compounds,Lipids and lipid-like molecules,Prenol lipids,Sesquiterpenoids
CHEMBL51483,GOSSYPOL,Cc1cc2c(C(C)C)c(O)c(O)c(C=O)c2c(O)c1-c1c(C)cc2c(C(C)C)c(O)c(O)c(C=O)c2c1O,518.56,155.52,IC50,39700.0,4.401209493236885,CHEMBL3879801,2.8299958161245398,8.487367890382764,0.1312357685384841,6,8,38,14,0.3143721066597775,5.980993089853695,Organic compounds,Lipids and lipid-like molecules,Prenol lipids,Sesquiterpenoids
CHEMBL51483,GOSSYPOL,Cc1cc2c(C(C)C)c(O)c(O)c(C=O)c2c(O)c1-c1c(C)cc2c(C(C)C)c(O)c(O)c(C=O)c2c1O,518.56,155.52,IC50,480.0,6.318758762624412,CHEMBL4625,4.062987887489976,12.185202797409005,0.1312357685384841,6,8,38,14,0.45133991161602943,7.8985423592412225,Organic compounds,Lipids and lipid-like molecules,Prenol lipids,Sesquiterpenoids
CHEMBL51483,GOSSYPOL,Cc1cc2c(C(C)C)c(O)c(O)c(C=O)c2c(O)c1-c1c(C)cc2c(C(C)C)c(O)c(O)c(C=O)c2c1O,518.56,155.52,IC50,300.0,6.522878745280337,CHEMBL4860,4.194237876337665,12.578831273681615,0.1312357685384841,6,8,38,14,0.46591991037716696,8.102662341897148,Organic compounds,Lipids and lipid-like molecules,Prenol lipids,Sesquiterpenoids
CHEMBL51483,GOSSYPOL,Cc1cc2c(C(C)C)c(O)c(O)c(C=O)c2c(O)c1-c1c(C)cc2c(C(C)C)c(O)c(O)c(C=O)c2c1O,518.56,155.52,IC50,260.0,6.585026652029182,CHEMBL4860,4.234199236129875,12.698678363215796,0.1312357685384841,6,8,38,14,0.47035904657351296,8.164810248645992,Organic compounds,Lipids and lipid-like molecules,Prenol lipids,Sesquiterpenoids
CHEMBL51483,GOSSYPOL,Cc1cc2c(C(C)C)c(O)c(O)c(C=O)c2c(O)c1-c1c(C)cc2c(C(C)C)c(O)c(O)c(C=O)c2c1O,518.56,155.52,IC50,540.0,6.267606240177032,CHEMBL4625,4.030096605052104,12.086559395589774,0.1312357685384841,6,8,38,14,0.4476861600126451,7.847389836793842,Organic compounds,Lipids and lipid-like molecules,Prenol lipids,Sesquiterpenoids
CHEMBL51483,GOSSYPOL,Cc1cc2c(C(C)C)c(O)c(O)c(C=O)c2c(O)c1-c1c(C)cc2c(C(C)C)c(O)c(O)c(C=O)c2c1O,518.56,155.52,IC50,480.0,6.318758762624412,CHEMBL4625,4.062987887489976,12.185202797409005,0.1312357685384841,6,8,38,14,0.45133991161602943,7.8985423592412225,Organic compounds,Lipids and lipid-like molecules,Prenol lipids,Sesquiterpenoids
CHEMBL51483,GOSSYPOL,Cc1cc2c(C(C)C)c(O)c(O)c(C=O)c2c(O)c1-c1c(C)cc2c(C(C)C)c(O)c(O)c(C=O)c2c1O,518.56,155.52,IC50,1320.0,5.87942606879415,CHEMBL392,3.780495157403646,11.337986093786933,0.1312357685384841,6,8,38,14,0.4199590049138679,7.4592096654109605,Organic compounds,Lipids and lipid-like molecules,Prenol lipids,Sesquiterpenoids
CHEMBL51483,GOSSYPOL,Cc1cc2c(C(C)C)c(O)c(O)c(C=O)c2c(O)c1-c1c(C)cc2c(C(C)C)c(O)c(O)c(C=O)c2c1O,518.56,155.52,IC50,33080.0,4.480434499119491,CHEMBL392,2.8809378209358867,8.640146750847524,0.1312357685384841,6,8,38,14,0.32003103565139224,6.060218095736301,Organic compounds,Lipids and lipid-like molecules,Prenol lipids,Sesquiterpenoids
CHEMBL51483,GOSSYPOL,Cc1cc2c(C(C)C)c(O)c(O)c(C=O)c2c(O)c1-c1c(C)cc2c(C(C)C)c(O)c(O)c(C=O)c2c1O,518.56,155.52,IC50,11780.0,4.928854709548917,CHEMBL614697,3.1692738615926674,9.50488797737758,0.1312357685384841,6,8,38,14,0.3520610506820655,6.508638306165727,Organic compounds,Lipids and lipid-like molecules,Prenol lipids,Sesquiterpenoids
CHEMBL51483,GOSSYPOL,Cc1cc2c(C(C)C)c(O)c(O)c(C=O)c2c(O)c1-c1c(C)cc2c(C(C)C)c(O)c(O)c(C=O)c2c1O,518.56,155.52,IC50,33250.0,4.478208350360877,CHEMBL614697,2.8795063981229916,8.635853807391387,0.1312357685384841,6,8,38,14,0.3198720250257769,6.057991946977687,Organic compounds,Lipids and lipid-like molecules,Prenol lipids,Sesquiterpenoids
CHEMBL51483,GOSSYPOL,Cc1cc2c(C(C)C)c(O)c(O)c(C=O)c2c(O)c1-c1c(C)cc2c(C(C)C)c(O)c(O)c(C=O)c2c1O,518.56,155.52,IC50,12580.0,4.90031935889075,CHEMBL387,3.1509255136900394,9.44985991763875,0.1312357685384841,6,8,38,14,0.35002281134933927,6.48010295550756,Organic compounds,Lipids and lipid-like molecules,Prenol lipids,Sesquiterpenoids
CHEMBL51483,GOSSYPOL,Cc1cc2c(C(C)C)c(O)c(O)c(C=O)c2c(O)c1-c1c(C)cc2c(C(C)C)c(O)c(O)c(C=O)c2c1O,518.56,155.52,IC50,21560.0,4.666351243485299,CHEMBL387,3.000483052652584,8.998671790121298,0.1312357685384841,6,8,38,14,0.3333108031060928,6.246134840102109,Organic compounds,Lipids and lipid-like molecules,Prenol lipids,Sesquiterpenoids
CHEMBL51483,GOSSYPOL,Cc1cc2c(C(C)C)c(O)c(O)c(C=O)c2c(O)c1-c1c(C)cc2c(C(C)C)c(O)c(O)c(C=O)c2c1O,518.56,155.52,IC50,12580.0,4.90031935889075,CHEMBL612262,3.1509255136900394,9.44985991763875,0.1312357685384841,6,8,38,14,0.35002281134933927,6.48010295550756,Organic compounds,Lipids and lipid-like molecules,Prenol lipids,Sesquiterpenoids
CHEMBL51483,GOSSYPOL,Cc1cc2c(C(C)C)c(O)c(O)c(C=O)c2c(O)c1-c1c(C)cc2c(C(C)C)c(O)c(O)c(C=O)c2c1O,518.56,155.52,IC50,21560.0,4.666351243485299,CHEMBL612262,3.000483052652584,8.998671790121298,0.1312357685384841,6,8,38,14,0.3333108031060928,6.246134840102109,Organic compounds,Lipids and lipid-like molecules,Prenol lipids,Sesquiterpenoids
CHEMBL51483,GOSSYPOL,Cc1cc2c(C(C)C)c(O)c(O)c(C=O)c2c(O)c1-c1c(C)cc2c(C(C)C)c(O)c(O)c(C=O)c2c1O,518.56,155.52,IC50,3330.0,5.47755576649368,CHEMBL394,3.522090899237191,10.563012508665691,0.1312357685384841,6,8,38,14,0.3912539833209771,7.05733936311049,Organic compounds,Lipids and lipid-like molecules,Prenol lipids,Sesquiterpenoids
CHEMBL51483,GOSSYPOL,Cc1cc2c(C(C)C)c(O)c(O)c(C=O)c2c(O)c1-c1c(C)cc2c(C(C)C)c(O)c(O)c(C=O)c2c1O,518.56,155.52,IC50,21990.0,4.657774770639209,CHEMBL394,2.9949683453184215,8.982132772753799,0.1312357685384841,6,8,38,14,0.33269819790280064,6.237558367256019,Organic compounds,Lipids and lipid-like molecules,Prenol lipids,Sesquiterpenoids
CHEMBL51483,GOSSYPOL,Cc1cc2c(C(C)C)c(O)c(O)c(C=O)c2c(O)c1-c1c(C)cc2c(C(C)C)c(O)c(O)c(C=O)c2c1O,518.56,155.52,IC50,9140.0,5.039053804266168,CHEMBL390,3.2401323329900773,9.717397802117729,0.1312357685384841,6,8,38,14,0.3599324145904406,6.6188374008829785,Organic compounds,Lipids and lipid-like molecules,Prenol lipids,Sesquiterpenoids
CHEMBL51483,GOSSYPOL,Cc1cc2c(C(C)C)c(O)c(O)c(C=O)c2c(O)c1-c1c(C)cc2c(C(C)C)c(O)c(O)c(C=O)c2c1O,518.56,155.52,IC50,22360.0,4.650528200785614,CHEMBL390,2.990308771081285,8.968158363131778,0.1312357685384841,6,8,38,14,0.33218058577040105,6.2303117974024245,Organic compounds,Lipids and lipid-like molecules,Prenol lipids,Sesquiterpenoids
CHEMBL51483,GOSSYPOL,Cc1cc2c(C(C)C)c(O)c(O)c(C=O)c2c(O)c1-c1c(C)cc2c(C(C)C)c(O)c(O)c(C=O)c2c1O,518.56,155.52,IC50,5540.0,5.2564902352715706,CHEMBL612656,3.3799448529266782,10.136705945833793,0.1312357685384841,6,8,38,14,0.3754635882336836,6.836273831888381,Organic compounds,Lipids and lipid-like molecules,Prenol lipids,Sesquiterpenoids
CHEMBL51483,GOSSYPOL,Cc1cc2c(C(C)C)c(O)c(O)c(C=O)c2c(O)c1-c1c(C)cc2c(C(C)C)c(O)c(O)c(C=O)c2c1O,518.56,155.52,IC50,17970.0,4.745451922891026,CHEMBL612656,3.0513451150276656,9.151210897275199,0.1312357685384841,6,8,38,14,0.3389608516350733,6.325235519507836,Organic compounds,Lipids and lipid-like molecules,Prenol lipids,Sesquiterpenoids
CHEMBL51483,GOSSYPOL,Cc1cc2c(C(C)C)c(O)c(O)c(C=O)c2c(O)c1-c1c(C)cc2c(C(C)C)c(O)c(O)c(C=O)c2c1O,518.56,155.52,IC50,18780.0,4.726304412069908,CHEMBL612589,3.039033186773346,9.114286508928394,0.1312357685384841,6,8,38,14,0.3375931722907077,6.306088008686718,Organic compounds,Lipids and lipid-like molecules,Prenol lipids,Sesquiterpenoids
CHEMBL51483,GOSSYPOL,Cc1cc2c(C(C)C)c(O)c(O)c(C=O)c2c(O)c1-c1c(C)cc2c(C(C)C)c(O)c(O)c(C=O)c2c1O,518.56,155.52,IC50,21530.0,4.666955970176513,CHEMBL612589,3.000871894403622,8.999837955446841,0.1312357685384841,6,8,38,14,0.33335399786975095,6.246739566793323,Organic compounds,Lipids and lipid-like molecules,Prenol lipids,Sesquiterpenoids
CHEMBL51483,GOSSYPOL,Cc1cc2c(C(C)C)c(O)c(O)c(C=O)c2c(O)c1-c1c(C)cc2c(C(C)C)c(O)c(O)c(C=O)c2c1O,518.56,155.52,IC50,2210.0,5.655607726314889,CHEMBL613866,3.636579042126343,10.906370962501716,0.1312357685384841,6,8,38,14,0.4039719804510635,7.235391322931699,Organic compounds,Lipids and lipid-like molecules,Prenol lipids,Sesquiterpenoids
CHEMBL51483,GOSSYPOL,Cc1cc2c(C(C)C)c(O)c(O)c(C=O)c2c(O)c1-c1c(C)cc2c(C(C)C)c(O)c(O)c(C=O)c2c1O,518.56,155.52,IC50,13590.0,4.866780543267506,CHEMBL613866,3.1293599172244764,9.38518309022583,0.1312357685384841,6,8,38,14,0.3476271816619647,6.446564139884316,Organic compounds,Lipids and lipid-like molecules,Prenol lipids,Sesquiterpenoids
CHEMBL51483,GOSSYPOL,Cc1cc2c(C(C)C)c(O)c(O)c(C=O)c2c(O)c1-c1c(C)cc2c(C(C)C)c(O)c(O)c(C=O)c2c1O,518.56,155.52,IC50,2551.34,5.593231662015623,CHEMBL206,3.596470976090292,10.786083890033215,0.1312357685384841,6,8,38,14,0.3995165472868302,7.173015258632433,Organic compounds,Lipids and lipid-like molecules,Prenol lipids,Sesquiterpenoids
CHEMBL51483,GOSSYPOL,Cc1cc2c(C(C)C)c(O)c(O)c(C=O)c2c(O)c1-c1c(C)cc2c(C(C)C)c(O)c(O)c(C=O)c2c1O,518.56,155.52,IC50,1523.1,5.817271581875732,CHEMBL4361,3.7405295665353213,11.218126314940863,0.1312357685384841,6,8,38,14,0.41551939870540944,7.3970551784925425,Organic compounds,Lipids and lipid-like molecules,Prenol lipids,Sesquiterpenoids
CHEMBL51483,GOSSYPOL,Cc1cc2c(C(C)C)c(O)c(O)c(C=O)c2c(O)c1-c1c(C)cc2c(C(C)C)c(O)c(O)c(C=O)c2c1O,518.56,155.52,IC50,64000.0,4.1938200260161125,CHEMBL6148,2.6966435352469857,8.087434483986643,0.1312357685384841,6,8,38,14,0.2995585732868652,5.773603622632923,Organic compounds,Lipids and lipid-like molecules,Prenol lipids,Sesquiterpenoids
CHEMBL51483,GOSSYPOL,Cc1cc2c(C(C)C)c(O)c(O)c(C=O)c2c(O)c1-c1c(C)cc2c(C(C)C)c(O)c(O)c(C=O)c2c1O,518.56,155.52,IC50,4800.0,5.318758762624412,CHEMBL4361,3.4199837722636395,10.256785642209993,0.1312357685384841,6,8,38,14,0.37991134018745804,6.8985423592412225,Organic compounds,Lipids and lipid-like molecules,Prenol lipids,Sesquiterpenoids
CHEMBL51483,GOSSYPOL,Cc1cc2c(C(C)C)c(O)c(O)c(C=O)c2c(O)c1-c1c(C)cc2c(C(C)C)c(O)c(O)c(C=O)c2c1O,518.56,155.52,IC50,170.0,6.769551078621726,CHEMBL4361,4.35284920178866,13.054518433010118,0.1312357685384841,6,8,38,14,0.4835393627586947,8.349334675238536,Organic compounds,Lipids and lipid-like molecules,Prenol lipids,Sesquiterpenoids
CHEMBL51483,GOSSYPOL,Cc1cc2c(C(C)C)c(O)c(O)c(C=O)c2c(O)c1-c1c(C)cc2c(C(C)C)c(O)c(O)c(C=O)c2c1O,518.56,155.52,IC50,10800.0,4.966576244513051,CHEMBL4581,3.1935289638072595,9.577630832522855,0.1312357685384841,6,8,38,14,0.3547554460366465,6.546359841129861,Organic compounds,Lipids and lipid-like molecules,Prenol lipids,Sesquiterpenoids
CHEMBL51483,GOSSYPOL,Cc1cc2c(C(C)C)c(O)c(O)c(C=O)c2c(O)c1-c1c(C)cc2c(C(C)C)c(O)c(O)c(C=O)c2c1O,518.56,155.52,IC50,3820.0,5.4179366370882915,CHEMBL613740,3.4837555536833147,10.44804195674231,0.1312357685384841,6,8,38,14,0.3869954740777351,6.997720233705102,Organic compounds,Lipids and lipid-like molecules,Prenol lipids,Sesquiterpenoids
CHEMBL51483,GOSSYPOL,Cc1cc2c(C(C)C)c(O)c(O)c(C=O)c2c(O)c1-c1c(C)cc2c(C(C)C)c(O)c(O)c(C=O)c2c1O,518.56,155.52,IC50,2140.0,5.669586226650809,CHEMBL613845,3.645567275367032,10.93332734235346,0.1312357685384841,6,8,38,14,0.4049704447607721,7.249369823267619,Organic compounds,Lipids and lipid-like molecules,Prenol lipids,Sesquiterpenoids
CHEMBL51483,GOSSYPOL,Cc1cc2c(C(C)C)c(O)c(O)c(C=O)c2c(O)c1-c1c(C)cc2c(C(C)C)c(O)c(O)c(C=O)c2c1O,518.56,155.52,IC50,1870.0,5.728158393463501,CHEMBL613740,3.683229419665317,11.046278913652234,0.1312357685384841,6,8,38,14,0.40915417096167866,7.3079419900803115,Organic compounds,Lipids and lipid-like molecules,Prenol lipids,Sesquiterpenoids
CHEMBL51483,GOSSYPOL,Cc1cc2c(C(C)C)c(O)c(O)c(C=O)c2c(O)c1-c1c(C)cc2c(C(C)C)c(O)c(O)c(C=O)c2c1O,518.56,155.52,IC50,2110.0,5.675717544702307,CHEMBL4860,3.6495097381059067,10.94515108126795,0.1312357685384841,6,8,38,14,0.40540839605016477,7.255501141319117,Organic compounds,Lipids and lipid-like molecules,Prenol lipids,Sesquiterpenoids
CHEMBL51483,GOSSYPOL,Cc1cc2c(C(C)C)c(O)c(O)c(C=O)c2c(O)c1-c1c(C)cc2c(C(C)C)c(O)c(O)c(C=O)c2c1O,518.56,155.52,IC50,4570.88,5.3400001801593495,CHEMBL1743121,3.4336420911518446,10.297747956185109,0.1312357685384841,6,8,38,14,0.3814285842970964,6.91978377677616,Organic compounds,Lipids and lipid-like molecules,Prenol lipids,Sesquiterpenoids
CHEMBL51483,GOSSYPOL,Cc1cc2c(C(C)C)c(O)c(O)c(C=O)c2c(O)c1-c1c(C)cc2c(C(C)C)c(O)c(O)c(C=O)c2c1O,518.56,155.52,IC50,3235.94,5.489999539566098,CHEMBL1697668,3.530092296531698,10.587009294133946,0.1312357685384841,6,8,38,14,0.39214282425472125,7.069783136182908,Organic compounds,Lipids and lipid-like molecules,Prenol lipids,Sesquiterpenoids
CHEMBL51483,GOSSYPOL,Cc1cc2c(C(C)C)c(O)c(O)c(C=O)c2c(O)c1-c1c(C)cc2c(C(C)C)c(O)c(O)c(C=O)c2c1O,518.56,155.52,IC50,3000.0,5.522878745280337,CHEMBL3396943,3.5512337611113276,10.650414118482603,0.1312357685384841,6,8,38,14,0.3944913389485955,7.1026623418971475,Organic compounds,Lipids and lipid-like molecules,Prenol lipids,Sesquiterpenoids
CHEMBL51483,GOSSYPOL,Cc1cc2c(C(C)C)c(O)c(O)c(C=O)c2c(O)c1-c1c(C)cc2c(C(C)C)c(O)c(O)c(C=O)c2c1O,518.56,155.52,IC50,9210.0,5.035740369803151,CHEMBL400,3.2380017809948245,9.711008118256618,0.1312357685384841,6,8,38,14,0.3596957407002251,6.615523966419961,Organic compounds,Lipids and lipid-like molecules,Prenol lipids,Sesquiterpenoids
CHEMBL51483,GOSSYPOL,Cc1cc2c(C(C)C)c(O)c(O)c(C=O)c2c(O)c1-c1c(C)cc2c(C(C)C)c(O)c(O)c(C=O)c2c1O,518.56,155.52,IC50,6260.0,5.20342566678957,CHEMBL3879801,3.3458241170200425,10.034375321639871,0.1312357685384841,6,8,38,14,0.3716732619135407,6.7832092634063805,Organic compounds,Lipids and lipid-like molecules,Prenol lipids,Sesquiterpenoids
CHEMBL51483,GOSSYPOL,Cc1cc2c(C(C)C)c(O)c(O)c(C=O)c2c(O)c1-c1c(C)cc2c(C(C)C)c(O)c(O)c(C=O)c2c1O,518.56,155.52,IC50,4550.0,5.341988603342887,CHEMBL385,3.434920655441671,10.301582465564039,0.1312357685384841,6,8,38,14,0.381570614524492,6.9217721999596975,Organic compounds,Lipids and lipid-like molecules,Prenol lipids,Sesquiterpenoids
CHEMBL51483,GOSSYPOL,Cc1cc2c(C(C)C)c(O)c(O)c(C=O)c2c(O)c1-c1c(C)cc2c(C(C)C)c(O)c(O)c(C=O)c2c1O,518.56,155.52,IC50,3485.9,5.457685075651474,CHEMBL612545,3.509313963253262,10.524693527559926,0.1312357685384841,6,8,38,14,0.3898346482608196,7.037468672268284,Organic compounds,Lipids and lipid-like molecules,Prenol lipids,Sesquiterpenoids
CHEMBL51483,GOSSYPOL,Cc1cc2c(C(C)C)c(O)c(O)c(C=O)c2c(O)c1-c1c(C)cc2c(C(C)C)c(O)c(O)c(C=O)c2c1O,518.56,155.52,IC50,10000.0,5.0,CHEMBL612545,3.215020576131687,9.642085775995065,0.1312357685384841,6,8,38,14,0.35714285714285715,6.57978359661681,Organic compounds,Lipids and lipid-like molecules,Prenol lipids,Sesquiterpenoids
CHEMBL51483,GOSSYPOL,Cc1cc2c(C(C)C)c(O)c(O)c(C=O)c2c(O)c1-c1c(C)cc2c(C(C)C)c(O)c(O)c(C=O)c2c1O,518.56,155.52,IC50,20000.0,4.698970004336019,CHEMBL612545,3.0214570501131806,9.06157436812716,0.1312357685384841,6,8,38,14,0.33564071459542993,6.278753600952829,Organic compounds,Lipids and lipid-like molecules,Prenol lipids,Sesquiterpenoids
CHEMBL51483,GOSSYPOL,Cc1cc2c(C(C)C)c(O)c(O)c(C=O)c2c(O)c1-c1c(C)cc2c(C(C)C)c(O)c(O)c(C=O)c2c1O,518.56,155.52,IC50,10000.0,5.0,CHEMBL612545,3.215020576131687,9.642085775995065,0.1312357685384841,6,8,38,14,0.35714285714285715,6.57978359661681,Organic compounds,Lipids and lipid-like molecules,Prenol lipids,Sesquiterpenoids
CHEMBL51483,GOSSYPOL,Cc1cc2c(C(C)C)c(O)c(O)c(C=O)c2c(O)c1-c1c(C)cc2c(C(C)C)c(O)c(O)c(C=O)c2c1O,518.56,155.52,IC50,1423.7,5.846581514962289,CHEMBL612545,3.759375974126986,11.274648092722714,0.1312357685384841,6,8,38,14,0.41761296535444925,7.426365111579099,Organic compounds,Lipids and lipid-like molecules,Prenol lipids,Sesquiterpenoids
CHEMBL51483,GOSSYPOL,Cc1cc2c(C(C)C)c(O)c(O)c(C=O)c2c(O)c1-c1c(C)cc2c(C(C)C)c(O)c(O)c(C=O)c2c1O,518.56,155.52,IC50,834.5,6.078573658984735,CHEMBL612545,3.9085478774335995,11.722025723126997,0.1312357685384841,6,8,38,14,0.4341838327846239,7.658357255601545,Organic compounds,Lipids and lipid-like molecules,Prenol lipids,Sesquiterpenoids
CHEMBL51483,GOSSYPOL,Cc1cc2c(C(C)C)c(O)c(O)c(C=O)c2c(O)c1-c1c(C)cc2c(C(C)C)c(O)c(O)c(C=O)c2c1O,518.56,155.52,IC50,3708.3,5.430825138854862,CHEMBL612545,3.4920429133583215,10.472896364653778,0.1312357685384841,6,8,38,14,0.38791608134677585,7.010608735471672,Organic compounds,Lipids and lipid-like molecules,Prenol lipids,Sesquiterpenoids
CHEMBL51483,GOSSYPOL,Cc1cc2c(C(C)C)c(O)c(O)c(C=O)c2c(O)c1-c1c(C)cc2c(C(C)C)c(O)c(O)c(C=O)c2c1O,518.56,155.52,IC50,784.4,6.105462415004253,CHEMBL612545,3.925837458207467,11.773878461516999,0.1312357685384841,6,8,38,14,0.43610445821458954,7.6852460116210635,Organic compounds,Lipids and lipid-like molecules,Prenol lipids,Sesquiterpenoids
CHEMBL51483,GOSSYPOL,Cc1cc2c(C(C)C)c(O)c(O)c(C=O)c2c(O)c1-c1c(C)cc2c(C(C)C)c(O)c(O)c(C=O)c2c1O,518.56,155.52,IC50,353.8,6.451242171426296,CHEMBL612545,4.148175264548801,12.440686075721802,0.1312357685384841,6,8,38,14,0.4608030122447354,8.031025768043106,Organic compounds,Lipids and lipid-like molecules,Prenol lipids,Sesquiterpenoids
CHEMBL51483,GOSSYPOL,Cc1cc2c(C(C)C)c(O)c(O)c(C=O)c2c(O)c1-c1c(C)cc2c(C(C)C)c(O)c(O)c(C=O)c2c1O,518.56,155.52,IC50,956.3,6.01940584422378,CHEMBL612545,3.870502729053356,11.607925494106334,0.1312357685384841,6,8,38,14,0.42995756030169857,7.59918944084059,Organic compounds,Lipids and lipid-like molecules,Prenol lipids,Sesquiterpenoids
CHEMBL51483,GOSSYPOL,Cc1cc2c(C(C)C)c(O)c(O)c(C=O)c2c(O)c1-c1c(C)cc2c(C(C)C)c(O)c(O)c(C=O)c2c1O,518.56,155.52,IC50,915.6,6.038294215997495,CHEMBL612545,3.88264802983378,11.644350154268544,0.1312357685384841,6,8,38,14,0.4313067297141068,7.618077812614305,Organic compounds,Lipids and lipid-like molecules,Prenol lipids,Sesquiterpenoids
CHEMBL51483,GOSSYPOL,Cc1cc2c(C(C)C)c(O)c(O)c(C=O)c2c(O)c1-c1c(C)cc2c(C(C)C)c(O)c(O)c(C=O)c2c1O,518.56,155.52,IC50,1379.4,5.8603097783470774,CHEMBL612545,3.768203303978316,11.30112191134503,0.1312357685384841,6,8,38,14,0.4185935555962198,7.440093374963888,Organic compounds,Lipids and lipid-like molecules,Prenol lipids,Sesquiterpenoids
CHEMBL51483,GOSSYPOL,Cc1cc2c(C(C)C)c(O)c(O)c(C=O)c2c(O)c1-c1c(C)cc2c(C(C)C)c(O)c(O)c(C=O)c2c1O,518.56,155.52,IC50,10000.0,5.0,CHEMBL612545,3.215020576131687,9.642085775995065,0.1312357685384841,6,8,38,14,0.35714285714285715,6.57978359661681,Organic compounds,Lipids and lipid-like molecules,Prenol lipids,Sesquiterpenoids
CHEMBL51483,GOSSYPOL,Cc1cc2c(C(C)C)c(O)c(O)c(C=O)c2c(O)c1-c1c(C)cc2c(C(C)C)c(O)c(O)c(C=O)c2c1O,518.56,155.52,IC50,40000.0,4.3979400086720375,CHEMBL612545,2.827893524094674,8.481062960259253,0.1312357685384841,6,8,38,14,0.31413857204800266,5.977723605288848,Organic compounds,Lipids and lipid-like molecules,Prenol lipids,Sesquiterpenoids
CHEMBL51483,GOSSYPOL,Cc1cc2c(C(C)C)c(O)c(O)c(C=O)c2c(O)c1-c1c(C)cc2c(C(C)C)c(O)c(O)c(C=O)c2c1O,518.56,155.52,IC50,10000.0,5.0,CHEMBL612545,3.215020576131687,9.642085775995065,0.1312357685384841,6,8,38,14,0.35714285714285715,6.57978359661681,Organic compounds,Lipids and lipid-like molecules,Prenol lipids,Sesquiterpenoids
CHEMBL51483,GOSSYPOL,Cc1cc2c(C(C)C)c(O)c(O)c(C=O)c2c(O)c1-c1c(C)cc2c(C(C)C)c(O)c(O)c(C=O)c2c1O,518.56,155.52,IC50,23430.58,4.630216960755072,CHEMBL612545,2.977248560156296,8.928989819413516,0.1312357685384841,6,8,38,14,0.3307297829110766,6.210000557371882,Organic compounds,Lipids and lipid-like molecules,Prenol lipids,Sesquiterpenoids
CHEMBL51483,GOSSYPOL,Cc1cc2c(C(C)C)c(O)c(O)c(C=O)c2c(O)c1-c1c(C)cc2c(C(C)C)c(O)c(O)c(C=O)c2c1O,518.56,155.52,IC50,4800.0,5.318758762624412,CHEMBL400,3.4199837722636395,10.256785642209993,0.1312357685384841,6,8,38,14,0.37991134018745804,6.8985423592412225,Organic compounds,Lipids and lipid-like molecules,Prenol lipids,Sesquiterpenoids
CHEMBL51483,GOSSYPOL,Cc1cc2c(C(C)C)c(O)c(O)c(C=O)c2c(O)c1-c1c(C)cc2c(C(C)C)c(O)c(O)c(C=O)c2c1O,518.56,155.52,IC50,7310.0,5.13608262304214,CHEMBL385,3.3025222627585773,9.904509840794008,0.1312357685384841,6,8,38,14,0.36686304450301,6.71586621965895,Organic compounds,Lipids and lipid-like molecules,Prenol lipids,Sesquiterpenoids
CHEMBL51483,GOSSYPOL,Cc1cc2c(C(C)C)c(O)c(O)c(C=O)c2c(O)c1-c1c(C)cc2c(C(C)C)c(O)c(O)c(C=O)c2c1O,518.56,155.52,IC50,5610.0,5.251037138743839,CHEMBL390,3.37643848941862,10.126190100940759,0.1312357685384841,6,8,38,14,0.3750740813388456,6.830820735360649,Organic compounds,Lipids and lipid-like molecules,Prenol lipids,Sesquiterpenoids
CHEMBL51483,GOSSYPOL,Cc1cc2c(C(C)C)c(O)c(O)c(C=O)c2c(O)c1-c1c(C)cc2c(C(C)C)c(O)c(O)c(C=O)c2c1O,518.56,155.52,IC50,9420.0,5.025949097207122,CHEMBL400,3.2317059524222747,9.692126460211206,0.1312357685384841,6,8,38,14,0.358996364086223,6.605732693823932,Organic compounds,Lipids and lipid-like molecules,Prenol lipids,Sesquiterpenoids
CHEMBL51483,GOSSYPOL,Cc1cc2c(C(C)C)c(O)c(O)c(C=O)c2c(O)c1-c1c(C)cc2c(C(C)C)c(O)c(O)c(C=O)c2c1O,518.56,155.52,IC50,5780.0,5.2380721615794705,CHEMBL3879801,3.368101955748116,10.101188216560228,0.1312357685384841,6,8,38,14,0.37414801154139077,6.817855758196281,Organic compounds,Lipids and lipid-like molecules,Prenol lipids,Sesquiterpenoids
CHEMBL51483,GOSSYPOL,Cc1cc2c(C(C)C)c(O)c(O)c(C=O)c2c(O)c1-c1c(C)cc2c(C(C)C)c(O)c(O)c(C=O)c2c1O,518.56,155.52,IC50,5910.0,5.228412519118745,CHEMBL385,3.3618907658942545,10.082560396325876,0.1312357685384841,6,8,38,14,0.3734580370799104,6.808196115735555,Organic compounds,Lipids and lipid-like molecules,Prenol lipids,Sesquiterpenoids
CHEMBL51483,GOSSYPOL,Cc1cc2c(C(C)C)c(O)c(O)c(C=O)c2c(O)c1-c1c(C)cc2c(C(C)C)c(O)c(O)c(C=O)c2c1O,518.56,155.52,IC50,6600.0,5.180456064458132,CHEMBL3879801,3.331054568195815,9.990080346455825,0.1312357685384841,6,8,38,14,0.3700325760327237,6.760239661074942,Organic compounds,Lipids and lipid-like molecules,Prenol lipids,Sesquiterpenoids
CHEMBL51483,GOSSYPOL,Cc1cc2c(C(C)C)c(O)c(O)c(C=O)c2c(O)c1-c1c(C)cc2c(C(C)C)c(O)c(O)c(C=O)c2c1O,518.56,155.52,IC50,11040.0,4.95703092660682,CHEMBL614818,3.18739128511241,9.559223477720652,0.1312357685384841,6,8,38,14,0.3540736376147729,6.53681452322363,Organic compounds,Lipids and lipid-like molecules,Prenol lipids,Sesquiterpenoids
CHEMBL51483,GOSSYPOL,Cc1cc2c(C(C)C)c(O)c(O)c(C=O)c2c(O)c1-c1c(C)cc2c(C(C)C)c(O)c(O)c(C=O)c2c1O,518.56,155.52,IC50,7970.0,5.098541678603888,CHEMBL3879801,3.278383280995298,9.83211523951691,0.1312357685384841,6,8,38,14,0.36418154847170625,6.678325275220698,Organic compounds,Lipids and lipid-like molecules,Prenol lipids,Sesquiterpenoids
CHEMBL51483,GOSSYPOL,Cc1cc2c(C(C)C)c(O)c(O)c(C=O)c2c(O)c1-c1c(C)cc2c(C(C)C)c(O)c(O)c(C=O)c2c1O,518.56,155.52,IC50,19170.0,4.717377887121938,CHEMBL3879801,3.0332933944971305,9.097072445082418,0.1312357685384841,6,8,38,14,0.3369555633658527,6.297161483738748,Organic compounds,Lipids and lipid-like molecules,Prenol lipids,Sesquiterpenoids
CHEMBL51483,GOSSYPOL,Cc1cc2c(C(C)C)c(O)c(O)c(C=O)c2c(O)c1-c1c(C)cc2c(C(C)C)c(O)c(O)c(C=O)c2c1O,518.56,155.52,IC50,7930.0,5.100726812682396,CHEMBL3879801,3.2797883312001,9.836329089560314,0.1312357685384841,6,8,38,14,0.364337629477314,6.680510409299206,Organic compounds,Lipids and lipid-like molecules,Prenol lipids,Sesquiterpenoids
CHEMBL51483,GOSSYPOL,Cc1cc2c(C(C)C)c(O)c(O)c(C=O)c2c(O)c1-c1c(C)cc2c(C(C)C)c(O)c(O)c(C=O)c2c1O,518.56,155.52,IC50,54000.0,4.267606240177032,CHEMBL3879801,2.7440883745994284,8.229725085191747,0.1312357685384841,6,8,38,14,0.30482901715550226,5.847389836793842,Organic compounds,Lipids and lipid-like molecules,Prenol lipids,Sesquiterpenoids
CHEMBL51483,GOSSYPOL,Cc1cc2c(C(C)C)c(O)c(O)c(C=O)c2c(O)c1-c1c(C)cc2c(C(C)C)c(O)c(O)c(C=O)c2c1O,518.56,155.52,IC50,75000.0,4.1249387366083,CHEMBL3879801,2.652352582695666,7.954602623820389,0.1312357685384841,6,8,38,14,0.29463848118630714,5.70472233322511,Organic compounds,Lipids and lipid-like molecules,Prenol lipids,Sesquiterpenoids
CHEMBL51483,GOSSYPOL,Cc1cc2c(C(C)C)c(O)c(O)c(C=O)c2c(O)c1-c1c(C)cc2c(C(C)C)c(O)c(O)c(C=O)c2c1O,518.56,155.52,IC50,60100.0,4.221125527997261,CHEMBL3879801,2.714201085389185,8.14009088243841,0.1312357685384841,6,8,38,14,0.30150896628551865,5.800909124614071,Organic compounds,Lipids and lipid-like molecules,Prenol lipids,Sesquiterpenoids
CHEMBL51483,GOSSYPOL,Cc1cc2c(C(C)C)c(O)c(O)c(C=O)c2c(O)c1-c1c(C)cc2c(C(C)C)c(O)c(O)c(C=O)c2c1O,518.56,155.52,IC50,3590.0,5.444905551421681,CHEMBL3879801,3.5010966765828706,10.500049273799911,0.1312357685384841,6,8,38,14,0.38892182510154866,7.024689148038491,Organic compounds,Lipids and lipid-like molecules,Prenol lipids,Sesquiterpenoids
CHEMBL51483,GOSSYPOL,Cc1cc2c(C(C)C)c(O)c(O)c(C=O)c2c(O)c1-c1c(C)cc2c(C(C)C)c(O)c(O)c(C=O)c2c1O,518.56,155.52,IC50,5010.0,5.300162274132754,CHEMBL3879801,3.408026153634744,10.220923854776217,0.1312357685384841,6,8,38,14,0.378583019580911,6.879945870749564,Organic compounds,Lipids and lipid-like molecules,Prenol lipids,Sesquiterpenoids
CHEMBL51483,GOSSYPOL,Cc1cc2c(C(C)C)c(O)c(O)c(C=O)c2c(O)c1-c1c(C)cc2c(C(C)C)c(O)c(O)c(C=O)c2c1O,518.56,155.52,IC50,3030.0,5.518557371497695,CHEMBL3879801,3.5484550999856577,10.642080707146128,0.1312357685384841,6,8,38,14,0.39418266939269253,7.098340968114505,Organic compounds,Lipids and lipid-like molecules,Prenol lipids,Sesquiterpenoids
CHEMBL51483,GOSSYPOL,Cc1cc2c(C(C)C)c(O)c(O)c(C=O)c2c(O)c1-c1c(C)cc2c(C(C)C)c(O)c(O)c(C=O)c2c1O,518.56,155.52,IC50,23200.0,4.634512015109101,CHEMBL3879801,2.980010297781057,8.937272475912337,0.1312357685384841,6,8,38,14,0.3310365725077929,6.214295611725911,Organic compounds,Lipids and lipid-like molecules,Prenol lipids,Sesquiterpenoids
CHEMBL51483,GOSSYPOL,Cc1cc2c(C(C)C)c(O)c(O)c(C=O)c2c(O)c1-c1c(C)cc2c(C(C)C)c(O)c(O)c(C=O)c2c1O,518.56,155.52,IC50,61900.0,4.208309350979882,CHEMBL3879801,2.7059602308255415,8.11537594681403,0.1312357685384841,6,8,38,14,0.3005935250699916,5.7880929475966925,Organic compounds,Lipids and lipid-like molecules,Prenol lipids,Sesquiterpenoids
CHEMBL51483,GOSSYPOL,Cc1cc2c(C(C)C)c(O)c(O)c(C=O)c2c(O)c1-c1c(C)cc2c(C(C)C)c(O)c(O)c(C=O)c2c1O,518.56,155.52,IC50,46780.0,4.329939782526866,CHEMBL3879801,2.7841690988470074,8.349930157603492,0.1312357685384841,6,8,38,14,0.3092814130376333,5.909723379143676,Organic compounds,Lipids and lipid-like molecules,Prenol lipids,Sesquiterpenoids
CHEMBL51483,GOSSYPOL,Cc1cc2c(C(C)C)c(O)c(O)c(C=O)c2c(O)c1-c1c(C)cc2c(C(C)C)c(O)c(O)c(C=O)c2c1O,518.56,155.52,IC50,1191.0,5.924088238517222,CHEMBL4860,3.809213116330518,11.424113388069314,0.1312357685384841,6,8,38,14,0.4231491598940873,7.503871835134032,Organic compounds,Lipids and lipid-like molecules,Prenol lipids,Sesquiterpenoids
CHEMBL51483,GOSSYPOL,Cc1cc2c(C(C)C)c(O)c(O)c(C=O)c2c(O)c1-c1c(C)cc2c(C(C)C)c(O)c(O)c(C=O)c2c1O,518.56,155.52,IC50,856.0,6.0675262353228465,CHEMBL4361,3.901444338556357,11.700721681816662,0.1312357685384841,6,8,38,14,0.43339473109448906,7.647309831939657,Organic compounds,Lipids and lipid-like molecules,Prenol lipids,Sesquiterpenoids
CHEMBL51483,GOSSYPOL,Cc1cc2c(C(C)C)c(O)c(O)c(C=O)c2c(O)c1-c1c(C)cc2c(C(C)C)c(O)c(O)c(C=O)c2c1O,518.56,155.52,IC50,9230.0,5.034798298974088,CHEMBL3879801,3.2373960255749017,9.70919141270844,0.1312357685384841,6,8,38,14,0.35962844992672055,6.614581895590898,Organic compounds,Lipids and lipid-like molecules,Prenol lipids,Sesquiterpenoids
CHEMBL51483,GOSSYPOL,Cc1cc2c(C(C)C)c(O)c(O)c(C=O)c2c(O)c1-c1c(C)cc2c(C(C)C)c(O)c(O)c(C=O)c2c1O,518.56,155.52,IC50,7540.0,5.122628654130226,CHEMBL3879801,3.2938713053820896,9.87856497633876,0.1312357685384841,6,8,38,14,0.36590204672358756,6.702412250747036,Organic compounds,Lipids and lipid-like molecules,Prenol lipids,Sesquiterpenoids
CHEMBL51483,GOSSYPOL,Cc1cc2c(C(C)C)c(O)c(O)c(C=O)c2c(O)c1-c1c(C)cc2c(C(C)C)c(O)c(O)c(C=O)c2c1O,518.56,155.52,IC50,5600.0,5.251811972993799,CHEMBL3879801,3.376936711029963,10.127684304600818,0.1312357685384841,6,8,38,14,0.3751294266424142,6.831595569610609,Organic compounds,Lipids and lipid-like molecules,Prenol lipids,Sesquiterpenoids
CHEMBL51483,GOSSYPOL,Cc1cc2c(C(C)C)c(O)c(O)c(C=O)c2c(O)c1-c1c(C)cc2c(C(C)C)c(O)c(O)c(C=O)c2c1O,518.56,155.52,IC50,2720.0,5.565431095965801,CHEMBL4625,3.578595097714635,10.732472801538496,0.1312357685384841,6,8,38,14,0.39753079256898577,7.145214692582611,Organic compounds,Lipids and lipid-like molecules,Prenol lipids,Sesquiterpenoids
CHEMBL51483,GOSSYPOL,Cc1cc2c(C(C)C)c(O)c(O)c(C=O)c2c(O)c1-c1c(C)cc2c(C(C)C)c(O)c(O)c(C=O)c2c1O,518.56,155.52,IC50,8280.0,5.08196966321512,CHEMBL385,3.267727406902726,9.800157480744987,0.1312357685384841,6,8,38,14,0.3629978330867943,6.66175325983193,Organic compounds,Lipids and lipid-like molecules,Prenol lipids,Sesquiterpenoids
CHEMBL51483,GOSSYPOL,Cc1cc2c(C(C)C)c(O)c(O)c(C=O)c2c(O)c1-c1c(C)cc2c(C(C)C)c(O)c(O)c(C=O)c2c1O,518.56,155.52,IC50,8580.0,5.066512712151295,CHEMBL390,3.2577885237598343,9.770350031146435,0.1312357685384841,6,8,38,14,0.3618937651536639,6.646296308768105,Organic compounds,Lipids and lipid-like molecules,Prenol lipids,Sesquiterpenoids
CHEMBL51483,GOSSYPOL,Cc1cc2c(C(C)C)c(O)c(O)c(C=O)c2c(O)c1-c1c(C)cc2c(C(C)C)c(O)c(O)c(C=O)c2c1O,518.56,155.52,IC50,8540.0,5.068542129310995,CHEMBL400,3.259093447345032,9.774263594012256,0.1312357685384841,6,8,38,14,0.3620387235222139,6.648325725927805,Organic compounds,Lipids and lipid-like molecules,Prenol lipids,Sesquiterpenoids
CHEMBL51483,GOSSYPOL,Cc1cc2c(C(C)C)c(O)c(O)c(C=O)c2c(O)c1-c1c(C)cc2c(C(C)C)c(O)c(O)c(C=O)c2c1O,518.56,155.52,IC50,600.0,6.221848749616356,CHEMBL4860,4.000674350319159,11.99831986581371,0.1312357685384841,6,8,38,14,0.44441776782973974,7.801632346233166,Organic compounds,Lipids and lipid-like molecules,Prenol lipids,Sesquiterpenoids
CHEMBL51483,GOSSYPOL,Cc1cc2c(C(C)C)c(O)c(O)c(C=O)c2c(O)c1-c1c(C)cc2c(C(C)C)c(O)c(O)c(C=O)c2c1O,518.56,155.52,IC50,900.0,6.045757490560675,CHEMBL4523953,3.8874469460909684,11.65874246097014,0.1312357685384841,6,8,38,14,0.4318398207543339,7.625541087177485,Organic compounds,Lipids and lipid-like molecules,Prenol lipids,Sesquiterpenoids
CHEMBL51483,GOSSYPOL,Cc1cc2c(C(C)C)c(O)c(O)c(C=O)c2c(O)c1-c1c(C)cc2c(C(C)C)c(O)c(O)c(C=O)c2c1O,518.56,155.52,IC50,20000.0,4.698970004336019,CHEMBL4303835,3.0214570501131806,9.06157436812716,0.1312357685384841,6,8,38,14,0.33564071459542993,6.278753600952829,Organic compounds,Lipids and lipid-like molecules,Prenol lipids,Sesquiterpenoids
CHEMBL51483,GOSSYPOL,Cc1cc2c(C(C)C)c(O)c(O)c(C=O)c2c(O)c1-c1c(C)cc2c(C(C)C)c(O)c(O)c(C=O)c2c1O,518.56,155.52,IC50,19952.62,4.70000006855703,CHEMBL4303835,3.022119385646238,9.063560761641913,0.1312357685384841,6,8,38,14,0.3357142906112164,6.27978366517384,Organic compounds,Lipids and lipid-like molecules,Prenol lipids,Sesquiterpenoids
CHEMBL51483,GOSSYPOL,Cc1cc2c(C(C)C)c(O)c(O)c(C=O)c2c(O)c1-c1c(C)cc2c(C(C)C)c(O)c(O)c(C=O)c2c1O,518.56,155.52,IC50,250.0,6.6020599913279625,CHEMBL4680030,4.245151743395037,12.73152574692989,0.1312357685384841,6,8,38,14,0.47157571366628304,8.181843587944773,Organic compounds,Lipids and lipid-like molecules,Prenol lipids,Sesquiterpenoids
CHEMBL51483,GOSSYPOL,Cc1cc2c(C(C)C)c(O)c(O)c(C=O)c2c(O)c1-c1c(C)cc2c(C(C)C)c(O)c(O)c(C=O)c2c1O,518.56,155.52,IC50,250.0,6.6020599913279625,CHEMBL4680030,4.245151743395037,12.73152574692989,0.1312357685384841,6,8,38,14,0.47157571366628304,8.181843587944773,Organic compounds,Lipids and lipid-like molecules,Prenol lipids,Sesquiterpenoids
CHEMBL51483,GOSSYPOL,Cc1cc2c(C(C)C)c(O)c(O)c(C=O)c2c(O)c1-c1c(C)cc2c(C(C)C)c(O)c(O)c(C=O)c2c1O,518.56,155.52,IC50,260.0,6.585026652029182,CHEMBL4680030,4.234199236129875,12.698678363215796,0.1312357685384841,6,8,38,14,0.47035904657351296,8.164810248645992,Organic compounds,Lipids and lipid-like molecules,Prenol lipids,Sesquiterpenoids
CHEMBL51483,GOSSYPOL,Cc1cc2c(C(C)C)c(O)c(O)c(C=O)c2c(O)c1-c1c(C)cc2c(C(C)C)c(O)c(O)c(C=O)c2c1O,518.56,155.52,IC50,330.0,6.481486060122113,CHEMBL4680030,4.167622209440658,12.499008909522743,0.1312357685384841,6,8,38,14,0.46296329000872233,8.061269656738922,Organic compounds,Lipids and lipid-like molecules,Prenol lipids,Sesquiterpenoids
CHEMBL51483,GOSSYPOL,Cc1cc2c(C(C)C)c(O)c(O)c(C=O)c2c(O)c1-c1c(C)cc2c(C(C)C)c(O)c(O)c(C=O)c2c1O,518.56,155.52,IC50,1520.0,5.818156412055227,CHEMBL4361,3.741098515982013,11.219832636638438,0.1312357685384841,6,8,38,14,0.41558260086108767,7.3979400086720375,Organic compounds,Lipids and lipid-like molecules,Prenol lipids,Sesquiterpenoids
CHEMBL51483,GOSSYPOL,Cc1cc2c(C(C)C)c(O)c(O)c(C=O)c2c(O)c1-c1c(C)cc2c(C(C)C)c(O)c(O)c(C=O)c2c1O,518.56,155.52,IC50,13000.0,4.886056647693163,CHEMBL612545,3.1417545316957063,9.422355460685676,0.1312357685384841,6,8,38,14,0.3490040462637974,6.465840244309973,Organic compounds,Lipids and lipid-like molecules,Prenol lipids,Sesquiterpenoids
CHEMBL51483,GOSSYPOL,Cc1cc2c(C(C)C)c(O)c(O)c(C=O)c2c(O)c1-c1c(C)cc2c(C(C)C)c(O)c(O)c(C=O)c2c1O,518.56,155.52,IC50,5000.0,5.301029995663981,CHEMBL2362978,3.4085841021501935,10.222597183862971,0.1312357685384841,6,8,38,14,0.37864499969028437,6.880813592280791,Organic compounds,Lipids and lipid-like molecules,Prenol lipids,Sesquiterpenoids
CHEMBL51483,GOSSYPOL,Cc1cc2c(C(C)C)c(O)c(O)c(C=O)c2c(O)c1-c1c(C)cc2c(C(C)C)c(O)c(O)c(C=O)c2c1O,518.56,155.52,IC50,200000.0,3.6989700043360187,CHEMBL612545,2.3784529348868433,7.133157212928146,0.1312357685384841,6,8,38,14,0.2642121431668585,5.278753600952829,Organic compounds,Lipids and lipid-like molecules,Prenol lipids,Sesquiterpenoids
CHEMBL51483,GOSSYPOL,Cc1cc2c(C(C)C)c(O)c(O)c(C=O)c2c(O)c1-c1c(C)cc2c(C(C)C)c(O)c(O)c(C=O)c2c1O,518.56,155.52,IC50,820.0,6.086186147616283,CHEMBL612545,3.913442738950799,11.736705776797834,0.1312357685384841,6,8,38,14,0.43472758197259165,7.665969744233093,Organic compounds,Lipids and lipid-like molecules,Prenol lipids,Sesquiterpenoids
CHEMBL51483,GOSSYPOL,Cc1cc2c(C(C)C)c(O)c(O)c(C=O)c2c(O)c1-c1c(C)cc2c(C(C)C)c(O)c(O)c(C=O)c2c1O,518.56,155.52,IC50,39800.0,4.400116927926312,CHEMBL612545,2.829293292133688,8.48526096869468,0.1312357685384841,6,8,38,14,0.31429406628045087,5.9799005245431225,Organic compounds,Lipids and lipid-like molecules,Prenol lipids,Sesquiterpenoids
CHEMBL51483,GOSSYPOL,Cc1cc2c(C(C)C)c(O)c(O)c(C=O)c2c(O)c1-c1c(C)cc2c(C(C)C)c(O)c(O)c(C=O)c2c1O,518.56,155.52,IC50,1750.0,5.756961951313706,CHEMBL3430886,3.701750225896158,11.101824188741334,0.1312357685384841,6,8,38,14,0.41121156795097896,7.336745547930516,Organic compounds,Lipids and lipid-like molecules,Prenol lipids,Sesquiterpenoids
CHEMBL51483,GOSSYPOL,Cc1cc2c(C(C)C)c(O)c(O)c(C=O)c2c(O)c1-c1c(C)cc2c(C(C)C)c(O)c(O)c(C=O)c2c1O,518.56,155.52,IC50,3030.0,5.518557371497695,CHEMBL3883285,3.5484550999856577,10.642080707146128,0.1312357685384841,6,8,38,14,0.39418266939269253,7.098340968114505,Organic compounds,Lipids and lipid-like molecules,Prenol lipids,Sesquiterpenoids
CHEMBL51483,GOSSYPOL,Cc1cc2c(C(C)C)c(O)c(O)c(C=O)c2c(O)c1-c1c(C)cc2c(C(C)C)c(O)c(O)c(C=O)c2c1O,518.56,155.52,IC50,7160.0,5.145086977692144,CHEMBL1871,3.3083120998534876,9.921873992772571,0.1312357685384841,6,8,38,14,0.367506212692296,6.724870574308954,Organic compounds,Lipids and lipid-like molecules,Prenol lipids,Sesquiterpenoids
CHEMBL51483,GOSSYPOL,Cc1cc2c(C(C)C)c(O)c(O)c(C=O)c2c(O)c1-c1c(C)cc2c(C(C)C)c(O)c(O)c(C=O)c2c1O,518.56,155.52,IC50,100.0,7.0,CHEMBL612545,4.501028806584362,13.49892008639309,0.1312357685384841,6,8,38,14,0.5,8.57978359661681,Organic compounds,Lipids and lipid-like molecules,Prenol lipids,Sesquiterpenoids
CHEMBL51483,GOSSYPOL,Cc1cc2c(C(C)C)c(O)c(O)c(C=O)c2c(O)c1-c1c(C)cc2c(C(C)C)c(O)c(O)c(C=O)c2c1O,518.56,155.52,IC50,700.0,6.154901959985743,CHEMBL612545,3.9576272890854827,11.869218528204536,0.1312357685384841,6,8,38,14,0.4396358542846959,7.734685556602553,Organic compounds,Lipids and lipid-like molecules,Prenol lipids,Sesquiterpenoids
CHEMBL51483,GOSSYPOL,Cc1cc2c(C(C)C)c(O)c(O)c(C=O)c2c(O)c1-c1c(C)cc2c(C(C)C)c(O)c(O)c(C=O)c2c1O,518.56,155.52,IC50,11800.0,4.928117992693875,CHEMBL612545,3.168800149623119,9.503467279955792,0.1312357685384841,6,8,38,14,0.3520084280495625,6.507901589310685,Organic compounds,Lipids and lipid-like molecules,Prenol lipids,Sesquiterpenoids
CHEMBL51483,GOSSYPOL,Cc1cc2c(C(C)C)c(O)c(O)c(C=O)c2c(O)c1-c1c(C)cc2c(C(C)C)c(O)c(O)c(C=O)c2c1O,518.56,155.52,IC50,600.0,6.221848749616356,CHEMBL4860,4.000674350319159,11.99831986581371,0.1312357685384841,6,8,38,14,0.44441776782973974,7.801632346233166,Organic compounds,Lipids and lipid-like molecules,Prenol lipids,Sesquiterpenoids
CHEMBL51483,GOSSYPOL,Cc1cc2c(C(C)C)c(O)c(O)c(C=O)c2c(O)c1-c1c(C)cc2c(C(C)C)c(O)c(O)c(C=O)c2c1O,518.56,155.52,EC50,1420.0,5.847711655616943,CHEMBL612545,3.7601026592187132,11.276827475348936,0.1312357685384841,6,8,38,14,0.4176936896869245,7.427495252233753,Organic compounds,Lipids and lipid-like molecules,Prenol lipids,Sesquiterpenoids
CHEMBL51483,GOSSYPOL,Cc1cc2c(C(C)C)c(O)c(O)c(C=O)c2c(O)c1-c1c(C)cc2c(C(C)C)c(O)c(O)c(C=O)c2c1O,518.56,155.52,EC50,4200.0,5.376750709602099,CHEMBL612545,3.4572728328202795,10.368618307625155,0.1312357685384841,6,8,38,14,0.38405362211443567,6.956534306218909,Organic compounds,Lipids and lipid-like molecules,Prenol lipids,Sesquiterpenoids
CHEMBL51483,GOSSYPOL,Cc1cc2c(C(C)C)c(O)c(O)c(C=O)c2c(O)c1-c1c(C)cc2c(C(C)C)c(O)c(O)c(C=O)c2c1O,518.56,155.52,EC50,3100.0,5.508638306165727,CHEMBL3879801,3.542077100158003,10.622952611396421,0.1312357685384841,6,8,38,14,0.39347416472612334,7.088421902782537,Organic compounds,Lipids and lipid-like molecules,Prenol lipids,Sesquiterpenoids
CHEMBL51483,GOSSYPOL,Cc1cc2c(C(C)C)c(O)c(O)c(C=O)c2c(O)c1-c1c(C)cc2c(C(C)C)c(O)c(O)c(C=O)c2c1O,518.56,155.52,EC50,3000.0,5.522878745280337,CHEMBL396,3.5512337611113276,10.650414118482603,0.1312357685384841,6,8,38,14,0.3944913389485955,7.1026623418971475,Organic compounds,Lipids and lipid-like molecules,Prenol lipids,Sesquiterpenoids
CHEMBL51483,GOSSYPOL,Cc1cc2c(C(C)C)c(O)c(O)c(C=O)c2c(O)c1-c1c(C)cc2c(C(C)C)c(O)c(O)c(C=O)c2c1O,518.56,155.52,EC50,6000.0,5.221848749616356,CHEMBL3879801,3.3576702350928214,10.069902710614697,0.1312357685384841,6,8,38,14,0.3729891964011683,6.801632346233166,Organic compounds,Lipids and lipid-like molecules,Prenol lipids,Sesquiterpenoids
CHEMBL51483,GOSSYPOL,Cc1cc2c(C(C)C)c(O)c(O)c(C=O)c2c(O)c1-c1c(C)cc2c(C(C)C)c(O)c(O)c(C=O)c2c1O,518.56,155.52,EC50,17800.0,4.749579997691106,CHEMBL390,3.0539994841120794,9.159171547537618,0.1312357685384841,6,8,38,14,0.3392557141207933,6.3293635943079165,Organic compounds,Lipids and lipid-like molecules,Prenol lipids,Sesquiterpenoids
CHEMBL51483,GOSSYPOL,Cc1cc2c(C(C)C)c(O)c(O)c(C=O)c2c(O)c1-c1c(C)cc2c(C(C)C)c(O)c(O)c(C=O)c2c1O,518.56,155.52,EC50,3300.0,5.481486060122113,CHEMBL390,3.5246180942143215,10.57059175432373,0.1312357685384841,6,8,38,14,0.39153471858015093,7.061269656738923,Organic compounds,Lipids and lipid-like molecules,Prenol lipids,Sesquiterpenoids
CHEMBL51483,GOSSYPOL,Cc1cc2c(C(C)C)c(O)c(O)c(C=O)c2c(O)c1-c1c(C)cc2c(C(C)C)c(O)c(O)c(C=O)c2c1O,518.56,155.52,Ki,500.0,6.301029995663981,CHEMBL1900,4.051588217376531,12.151014339061984,0.1312357685384841,6,8,38,14,0.4500735711188558,7.880813592280791,Organic compounds,Lipids and lipid-like molecules,Prenol lipids,Sesquiterpenoids
CHEMBL51483,GOSSYPOL,Cc1cc2c(C(C)C)c(O)c(O)c(C=O)c2c(O)c1-c1c(C)cc2c(C(C)C)c(O)c(O)c(C=O)c2c1O,518.56,155.52,Ki,320.0,6.494850021680094,CHEMBL4860,4.176215291718167,12.524780202252574,0.1312357685384841,6,8,38,14,0.46391785869143526,8.074633618296904,Organic compounds,Lipids and lipid-like molecules,Prenol lipids,Sesquiterpenoids
CHEMBL51483,GOSSYPOL,Cc1cc2c(C(C)C)c(O)c(O)c(C=O)c2c(O)c1-c1c(C)cc2c(C(C)C)c(O)c(O)c(C=O)c2c1O,518.56,155.52,Ki,480.0,6.318758762624412,CHEMBL4625,4.062987887489976,12.185202797409005,0.1312357685384841,6,8,38,14,0.45133991161602943,7.8985423592412225,Organic compounds,Lipids and lipid-like molecules,Prenol lipids,Sesquiterpenoids
CHEMBL51483,GOSSYPOL,Cc1cc2c(C(C)C)c(O)c(O)c(C=O)c2c(O)c1-c1c(C)cc2c(C(C)C)c(O)c(O)c(C=O)c2c1O,518.56,155.52,Ki,180.0,6.7447274948966935,CHEMBL4361,4.3368875352988,13.006648208301247,0.1312357685384841,6,8,38,14,0.4817662496354781,8.324511091513504,Organic compounds,Lipids and lipid-like molecules,Prenol lipids,Sesquiterpenoids
CHEMBL51483,GOSSYPOL,Cc1cc2c(C(C)C)c(O)c(O)c(C=O)c2c(O)c1-c1c(C)cc2c(C(C)C)c(O)c(O)c(C=O)c2c1O,518.56,155.52,Ki,170.0,6.769551078621726,CHEMBL4860,4.35284920178866,13.054518433010118,0.1312357685384841,6,8,38,14,0.4835393627586947,8.349334675238536,Organic compounds,Lipids and lipid-like molecules,Prenol lipids,Sesquiterpenoids
CHEMBL51483,GOSSYPOL,Cc1cc2c(C(C)C)c(O)c(O)c(C=O)c2c(O)c1-c1c(C)cc2c(C(C)C)c(O)c(O)c(C=O)c2c1O,518.56,155.52,Ki,280.0,6.552841968657781,CHEMBL4361,4.213504352274807,12.636612867667736,0.1312357685384841,6,8,38,14,0.4680601406184129,8.13262556527459,Organic compounds,Lipids and lipid-like molecules,Prenol lipids,Sesquiterpenoids
CHEMBL51483,GOSSYPOL,Cc1cc2c(C(C)C)c(O)c(O)c(C=O)c2c(O)c1-c1c(C)cc2c(C(C)C)c(O)c(O)c(C=O)c2c1O,518.56,155.52,Ki,10100.0,4.995678626217358,CHEMBL4860,3.212241915006017,9.63375236465859,0.1312357685384841,6,8,38,14,0.3568341875869541,6.575462222834168,Organic compounds,Lipids and lipid-like molecules,Prenol lipids,Sesquiterpenoids
CHEMBL51483,GOSSYPOL,Cc1cc2c(C(C)C)c(O)c(O)c(C=O)c2c(O)c1-c1c(C)cc2c(C(C)C)c(O)c(O)c(C=O)c2c1O,518.56,155.52,Ki,24700.0,4.607303046740334,CHEMBL612545,2.9625148191488773,8.88480223453474,0.1312357685384841,6,8,38,14,0.3290930747671667,6.187086643357144,Organic compounds,Lipids and lipid-like molecules,Prenol lipids,Sesquiterpenoids
CHEMBL51483,GOSSYPOL,Cc1cc2c(C(C)C)c(O)c(O)c(C=O)c2c(O)c1-c1c(C)cc2c(C(C)C)c(O)c(O)c(C=O)c2c1O,518.56,155.52,Ki,17700.0,4.752026733638194,CHEMBL4677,3.0555727453949286,9.163889875112224,0.1312357685384841,6,8,38,14,0.3394304809741567,6.331810330255004,Organic compounds,Lipids and lipid-like molecules,Prenol lipids,Sesquiterpenoids
CHEMBL51483,GOSSYPOL,Cc1cc2c(C(C)C)c(O)c(O)c(C=O)c2c(O)c1-c1c(C)cc2c(C(C)C)c(O)c(O)c(C=O)c2c1O,518.56,155.52,Ki,467.74,6.329995488683631,CHEMBL4860,4.070213148587725,12.206871892709874,0.1312357685384841,6,8,38,14,0.4521425349059736,7.909779085300441,Organic compounds,Lipids and lipid-like molecules,Prenol lipids,Sesquiterpenoids
CHEMBL51483,GOSSYPOL,Cc1cc2c(C(C)C)c(O)c(O)c(C=O)c2c(O)c1-c1c(C)cc2c(C(C)C)c(O)c(O)c(C=O)c2c1O,518.56,155.52,Ki,6543.0,5.1842230797016375,CHEMBL4361,3.3334767744995095,9.997344723275297,0.1312357685384841,6,8,38,14,0.370301648550117,6.764006676318448,Organic compounds,Lipids and lipid-like molecules,Prenol lipids,Sesquiterpenoids
CHEMBL51483,GOSSYPOL,Cc1cc2c(C(C)C)c(O)c(O)c(C=O)c2c(O)c1-c1c(C)cc2c(C(C)C)c(O)c(O)c(C=O)c2c1O,518.56,155.52,Ki,320.0,6.494850021680094,CHEMBL4860,4.176215291718167,12.524780202252574,0.1312357685384841,6,8,38,14,0.46391785869143526,8.074633618296904,Organic compounds,Lipids and lipid-like molecules,Prenol lipids,Sesquiterpenoids
CHEMBL51483,GOSSYPOL,Cc1cc2c(C(C)C)c(O)c(O)c(C=O)c2c(O)c1-c1c(C)cc2c(C(C)C)c(O)c(O)c(C=O)c2c1O,518.56,155.52,Ki,480.0,6.318758762624412,CHEMBL4625,4.062987887489976,12.185202797409005,0.1312357685384841,6,8,38,14,0.45133991161602943,7.8985423592412225,Organic compounds,Lipids and lipid-like molecules,Prenol lipids,Sesquiterpenoids
CHEMBL51483,GOSSYPOL,Cc1cc2c(C(C)C)c(O)c(O)c(C=O)c2c(O)c1-c1c(C)cc2c(C(C)C)c(O)c(O)c(C=O)c2c1O,518.56,155.52,Ki,180.0,6.7447274948966935,CHEMBL4361,4.3368875352988,13.006648208301247,0.1312357685384841,6,8,38,14,0.4817662496354781,8.324511091513504,Organic compounds,Lipids and lipid-like molecules,Prenol lipids,Sesquiterpenoids
CHEMBL51483,GOSSYPOL,Cc1cc2c(C(C)C)c(O)c(O)c(C=O)c2c(O)c1-c1c(C)cc2c(C(C)C)c(O)c(O)c(C=O)c2c1O,518.56,155.52,Ki,334.0,6.476253533188435,CHEMBL612545,4.1642576730892715,12.4889184148188,0.1312357685384841,6,8,38,14,0.46258953808488823,8.056037129805246,Organic compounds,Lipids and lipid-like molecules,Prenol lipids,Sesquiterpenoids
CHEMBL51483,GOSSYPOL,Cc1cc2c(C(C)C)c(O)c(O)c(C=O)c2c(O)c1-c1c(C)cc2c(C(C)C)c(O)c(O)c(C=O)c2c1O,518.56,155.52,Ki,190.0,6.721246399047171,CHEMBL4361,4.321789094037532,12.961366860242157,0.1312357685384841,6,8,38,14,0.4800890285033694,8.301029995663981,Organic compounds,Lipids and lipid-like molecules,Prenol lipids,Sesquiterpenoids
CHEMBL51483,GOSSYPOL,Cc1cc2c(C(C)C)c(O)c(O)c(C=O)c2c(O)c1-c1c(C)cc2c(C(C)C)c(O)c(O)c(C=O)c2c1O,518.56,155.52,Ki,213.8,6.669992299127241,CHEMBL4361,4.288832496866796,12.862527574682279,0.1312357685384841,6,8,38,14,0.47642802136623147,8.249775895744051,Organic compounds,Lipids and lipid-like molecules,Prenol lipids,Sesquiterpenoids
CHEMBL51483,GOSSYPOL,Cc1cc2c(C(C)C)c(O)c(O)c(C=O)c2c(O)c1-c1c(C)cc2c(C(C)C)c(O)c(O)c(C=O)c2c1O,518.56,155.52,Ki,558.0,6.253365801062421,CHEMBL4860,4.020939944098779,12.059097888503592,0.1312357685384841,6,8,38,14,0.44666898579017295,7.8331493976792315,Organic compounds,Lipids and lipid-like molecules,Prenol lipids,Sesquiterpenoids
CHEMBL51483,GOSSYPOL,Cc1cc2c(C(C)C)c(O)c(O)c(C=O)c2c(O)c1-c1c(C)cc2c(C(C)C)c(O)c(O)c(C=O)c2c1O,518.56,155.52,Ki,190.0,6.721246399047171,CHEMBL4361,4.321789094037532,12.961366860242157,0.1312357685384841,6,8,38,14,0.4800890285033694,8.301029995663981,Organic compounds,Lipids and lipid-like molecules,Prenol lipids,Sesquiterpenoids
CHEMBL51483,GOSSYPOL,Cc1cc2c(C(C)C)c(O)c(O)c(C=O)c2c(O)c1-c1c(C)cc2c(C(C)C)c(O)c(O)c(C=O)c2c1O,518.56,155.52,Ki,3470.0,5.459670525209126,CHEMBL1743121,3.5105906154894067,10.528522302547684,0.1312357685384841,6,8,38,14,0.38997646608636616,7.039454121825936,Organic compounds,Lipids and lipid-like molecules,Prenol lipids,Sesquiterpenoids
CHEMBL51483,GOSSYPOL,Cc1cc2c(C(C)C)c(O)c(O)c(C=O)c2c(O)c1-c1c(C)cc2c(C(C)C)c(O)c(O)c(C=O)c2c1O,518.56,155.52,Ki,1780.0,5.749579997691106,CHEMBL1697668,3.6970035993384167,11.087588702736632,0.1312357685384841,6,8,38,14,0.41068428554936476,7.3293635943079165,Organic compounds,Lipids and lipid-like molecules,Prenol lipids,Sesquiterpenoids
CHEMBL51483,GOSSYPOL,Cc1cc2c(C(C)C)c(O)c(O)c(C=O)c2c(O)c1-c1c(C)cc2c(C(C)C)c(O)c(O)c(C=O)c2c1O,518.56,155.52,Ki,1000.0,6.0,CHEMBL4625,3.8580246913580245,11.570502931194078,0.1312357685384841,6,8,38,14,0.42857142857142855,7.57978359661681,Organic compounds,Lipids and lipid-like molecules,Prenol lipids,Sesquiterpenoids
CHEMBL51483,GOSSYPOL,Cc1cc2c(C(C)C)c(O)c(O)c(C=O)c2c(O)c1-c1c(C)cc2c(C(C)C)c(O)c(O)c(C=O)c2c1O,518.56,155.52,Ki,620.0,6.2076083105017466,CHEMBL4860,3.9915176893658346,11.97085835872753,0.1312357685384841,6,8,38,14,0.44340059360726763,7.787391907118557,Organic compounds,Lipids and lipid-like molecules,Prenol lipids,Sesquiterpenoids
CHEMBL51483,GOSSYPOL,Cc1cc2c(C(C)C)c(O)c(O)c(C=O)c2c(O)c1-c1c(C)cc2c(C(C)C)c(O)c(O)c(C=O)c2c1O,518.56,155.52,Ki,640.0,6.1938200260161125,CHEMBL4625,3.9826517656996603,11.944268794384667,0.1312357685384841,6,8,38,14,0.44241571614400804,7.773603622632923,Organic compounds,Lipids and lipid-like molecules,Prenol lipids,Sesquiterpenoids
CHEMBL51483,GOSSYPOL,Cc1cc2c(C(C)C)c(O)c(O)c(C=O)c2c(O)c1-c1c(C)cc2c(C(C)C)c(O)c(O)c(C=O)c2c1O,518.56,155.52,Ki,310.0,6.508638306165727,CHEMBL4361,4.185081215384341,12.551369766595434,0.1312357685384841,6,8,38,14,0.4649027361546948,8.088421902782537,Organic compounds,Lipids and lipid-like molecules,Prenol lipids,Sesquiterpenoids
CHEMBL51483,GOSSYPOL,Cc1cc2c(C(C)C)c(O)c(O)c(C=O)c2c(O)c1-c1c(C)cc2c(C(C)C)c(O)c(O)c(C=O)c2c1O,518.56,155.52,Ki,390.0,6.4089353929735005,CHEMBL4361,4.120971831901684,12.359100958372226,0.1312357685384841,6,8,38,14,0.4577810994981072,7.988718989590311,Organic compounds,Lipids and lipid-like molecules,Prenol lipids,Sesquiterpenoids
CHEMBL51483,GOSSYPOL,Cc1cc2c(C(C)C)c(O)c(O)c(C=O)c2c(O)c1-c1c(C)cc2c(C(C)C)c(O)c(O)c(C=O)c2c1O,518.56,155.52,Ki,770.0,6.113509274827518,CHEMBL4625,3.9310116221884757,11.789396164045662,0.1312357685384841,6,8,38,14,0.43667923391625124,7.693292871444328,Organic compounds,Lipids and lipid-like molecules,Prenol lipids,Sesquiterpenoids
CHEMBL51483,GOSSYPOL,Cc1cc2c(C(C)C)c(O)c(O)c(C=O)c2c(O)c1-c1c(C)cc2c(C(C)C)c(O)c(O)c(C=O)c2c1O,518.56,155.52,Ki,560.0,6.251811972993799,CHEMBL4860,4.019940826256301,12.056101459799832,0.1312357685384841,6,8,38,14,0.4465579980709857,7.831595569610609,Organic compounds,Lipids and lipid-like molecules,Prenol lipids,Sesquiterpenoids
CHEMBL51483,GOSSYPOL,Cc1cc2c(C(C)C)c(O)c(O)c(C=O)c2c(O)c1-c1c(C)cc2c(C(C)C)c(O)c(O)c(C=O)c2c1O,518.56,155.52,Ki,1900.0,5.721246399047171,CHEMBL4835,3.678784978811195,11.032949705043142,0.1312357685384841,6,8,38,14,0.4086604570747979,7.301029995663981,Organic compounds,Lipids and lipid-like molecules,Prenol lipids,Sesquiterpenoids
CHEMBL51483,GOSSYPOL,Cc1cc2c(C(C)C)c(O)c(O)c(C=O)c2c(O)c1-c1c(C)cc2c(C(C)C)c(O)c(O)c(C=O)c2c1O,518.56,155.52,Ki,1400.0,5.853871964321762,CHEMBL4940,3.764063763066976,11.28870712033663,0.1312357685384841,6,8,38,14,0.4181337117372687,7.433655560938572,Organic compounds,Lipids and lipid-like molecules,Prenol lipids,Sesquiterpenoids
CHEMBL51483,GOSSYPOL,Cc1cc2c(C(C)C)c(O)c(O)c(C=O)c2c(O)c1-c1c(C)cc2c(C(C)C)c(O)c(O)c(C=O)c2c1O,518.56,155.52,Ki,260.0,6.585026652029182,CHEMBL4361,4.234199236129875,12.698678363215796,0.1312357685384841,6,8,38,14,0.47035904657351296,8.164810248645992,Organic compounds,Lipids and lipid-like molecules,Prenol lipids,Sesquiterpenoids
CHEMBL51483,GOSSYPOL,Cc1cc2c(C(C)C)c(O)c(O)c(C=O)c2c(O)c1-c1c(C)cc2c(C(C)C)c(O)c(O)c(C=O)c2c1O,518.56,155.52,Ki,431.0,6.3655227298392685,CHEMBL4860,4.093057310853439,12.275383234031297,0.1312357685384841,6,8,38,14,0.4546801949885192,7.945306326456079,Organic compounds,Lipids and lipid-like molecules,Prenol lipids,Sesquiterpenoids
CHEMBL51483,GOSSYPOL,Cc1cc2c(C(C)C)c(O)c(O)c(C=O)c2c(O)c1-c1c(C)cc2c(C(C)C)c(O)c(O)c(C=O)c2c1O,518.56,155.52,Ki,25000.0,4.6020599913279625,CHEMBL5023,2.9591435129423624,8.874691436531863,0.1312357685384841,6,8,38,14,0.3287185708091402,6.181843587944773,Organic compounds,Lipids and lipid-like molecules,Prenol lipids,Sesquiterpenoids
CHEMBL51483,GOSSYPOL,Cc1cc2c(C(C)C)c(O)c(O)c(C=O)c2c(O)c1-c1c(C)cc2c(C(C)C)c(O)c(O)c(C=O)c2c1O,518.56,155.52,Ki,440.0,6.356547323513812,CHEMBL4860,4.087286087650342,12.258074906498406,0.1312357685384841,6,8,38,14,0.4540390945367009,7.936330920130622,Organic compounds,Lipids and lipid-like molecules,Prenol lipids,Sesquiterpenoids
CHEMBL51483,GOSSYPOL,Cc1cc2c(C(C)C)c(O)c(O)c(C=O)c2c(O)c1-c1c(C)cc2c(C(C)C)c(O)c(O)c(C=O)c2c1O,518.56,155.52,Ki,310.0,6.508638306165727,CHEMBL4625,4.185081215384341,12.551369766595434,0.1312357685384841,6,8,38,14,0.4649027361546948,8.088421902782537,Organic compounds,Lipids and lipid-like molecules,Prenol lipids,Sesquiterpenoids
CHEMBL51483,GOSSYPOL,Cc1cc2c(C(C)C)c(O)c(O)c(C=O)c2c(O)c1-c1c(C)cc2c(C(C)C)c(O)c(O)c(C=O)c2c1O,518.56,155.52,Ki,440.0,6.356547323513812,CHEMBL4860,4.087286087650342,12.258074906498406,0.1312357685384841,6,8,38,14,0.4540390945367009,7.936330920130622,Organic compounds,Lipids and lipid-like molecules,Prenol lipids,Sesquiterpenoids
CHEMBL51483,GOSSYPOL,Cc1cc2c(C(C)C)c(O)c(O)c(C=O)c2c(O)c1-c1c(C)cc2c(C(C)C)c(O)c(O)c(C=O)c2c1O,518.56,155.52,Ki,310.0,6.508638306165727,CHEMBL4625,4.185081215384341,12.551369766595434,0.1312357685384841,6,8,38,14,0.4649027361546948,8.088421902782537,Organic compounds,Lipids and lipid-like molecules,Prenol lipids,Sesquiterpenoids
CHEMBL51483,GOSSYPOL,Cc1cc2c(C(C)C)c(O)c(O)c(C=O)c2c(O)c1-c1c(C)cc2c(C(C)C)c(O)c(O)c(C=O)c2c1O,518.56,155.52,Ki,640.0,6.1938200260161125,CHEMBL4361,3.9826517656996603,11.944268794384667,0.1312357685384841,6,8,38,14,0.44241571614400804,7.773603622632923,Organic compounds,Lipids and lipid-like molecules,Prenol lipids,Sesquiterpenoids
CHEMBL51483,GOSSYPOL,Cc1cc2c(C(C)C)c(O)c(O)c(C=O)c2c(O)c1-c1c(C)cc2c(C(C)C)c(O)c(O)c(C=O)c2c1O,518.56,155.52,Ki,511.0,6.291579099865287,CHEMBL4860,4.045511252485396,12.132789069471784,0.1312357685384841,6,8,38,14,0.4493985071332348,7.871362696482097,Organic compounds,Lipids and lipid-like molecules,Prenol lipids,Sesquiterpenoids
CHEMBL51483,GOSSYPOL,Cc1cc2c(C(C)C)c(O)c(O)c(C=O)c2c(O)c1-c1c(C)cc2c(C(C)C)c(O)c(O)c(C=O)c2c1O,518.56,155.52,Ki,162.0,6.790484985457369,CHEMBL4361,4.366309790031744,13.094887738077311,0.1312357685384841,6,8,38,14,0.4850346418183835,8.370268582074178,Organic compounds,Lipids and lipid-like molecules,Prenol lipids,Sesquiterpenoids
CHEMBL51483,GOSSYPOL,Cc1cc2c(C(C)C)c(O)c(O)c(C=O)c2c(O)c1-c1c(C)cc2c(C(C)C)c(O)c(O)c(C=O)c2c1O,518.56,155.52,Ki,180.0,6.7447274948966935,CHEMBL4361,4.3368875352988,13.006648208301247,0.1312357685384841,6,8,38,14,0.4817662496354781,8.324511091513504,Organic compounds,Lipids and lipid-like molecules,Prenol lipids,Sesquiterpenoids
CHEMBL51483,GOSSYPOL,Cc1cc2c(C(C)C)c(O)c(O)c(C=O)c2c(O)c1-c1c(C)cc2c(C(C)C)c(O)c(O)c(C=O)c2c1O,518.56,155.52,Ki,1400.0,5.853871964321762,CHEMBL4625,3.764063763066976,11.28870712033663,0.1312357685384841,6,8,38,14,0.4181337117372687,7.433655560938572,Organic compounds,Lipids and lipid-like molecules,Prenol lipids,Sesquiterpenoids
CHEMBL51483,GOSSYPOL,Cc1cc2c(C(C)C)c(O)c(O)c(C=O)c2c(O)c1-c1c(C)cc2c(C(C)C)c(O)c(O)c(C=O)c2c1O,518.56,155.52,Ki,450.0,6.346787486224656,CHEMBL4860,4.081010472109475,12.239253868838047,0.1312357685384841,6,8,38,14,0.45334196330176113,7.926571082841466,Organic compounds,Lipids and lipid-like molecules,Prenol lipids,Sesquiterpenoids
CHEMBL51483,GOSSYPOL,Cc1cc2c(C(C)C)c(O)c(O)c(C=O)c2c(O)c1-c1c(C)cc2c(C(C)C)c(O)c(O)c(C=O)c2c1O,518.56,155.52,Ki,20000.0,4.698970004336019,CHEMBL2535,3.0214570501131806,9.06157436812716,0.1312357685384841,6,8,38,14,0.33564071459542993,6.278753600952829,Organic compounds,Lipids and lipid-like molecules,Prenol lipids,Sesquiterpenoids
CHEMBL51483,GOSSYPOL,Cc1cc2c(C(C)C)c(O)c(O)c(C=O)c2c(O)c1-c1c(C)cc2c(C(C)C)c(O)c(O)c(C=O)c2c1O,518.56,155.52,Ki,420.0,6.376750709602099,CHEMBL4860,4.100276948046617,12.297035462824168,0.1312357685384841,6,8,38,14,0.45548219354300706,7.956534306218909,Organic compounds,Lipids and lipid-like molecules,Prenol lipids,Sesquiterpenoids
CHEMBL51483,GOSSYPOL,Cc1cc2c(C(C)C)c(O)c(O)c(C=O)c2c(O)c1-c1c(C)cc2c(C(C)C)c(O)c(O)c(C=O)c2c1O,518.56,155.52,Ki,200.0,6.698970004336019,CHEMBL4361,4.3074652805658555,12.918408678525186,0.1312357685384841,6,8,38,14,0.4784978574525728,8.278753600952829,Organic compounds,Lipids and lipid-like molecules,Prenol lipids,Sesquiterpenoids
CHEMBL51483,GOSSYPOL,Cc1cc2c(C(C)C)c(O)c(O)c(C=O)c2c(O)c1-c1c(C)cc2c(C(C)C)c(O)c(O)c(C=O)c2c1O,518.56,155.52,Ki,1900.0,5.721246399047171,CHEMBL4835,3.678784978811195,11.032949705043142,0.1312357685384841,6,8,38,14,0.4086604570747979,7.301029995663981,Organic compounds,Lipids and lipid-like molecules,Prenol lipids,Sesquiterpenoids
CHEMBL51483,GOSSYPOL,Cc1cc2c(C(C)C)c(O)c(O)c(C=O)c2c(O)c1-c1c(C)cc2c(C(C)C)c(O)c(O)c(C=O)c2c1O,518.56,155.52,Ki,320.0,6.494850021680094,CHEMBL4860,4.176215291718167,12.524780202252574,0.1312357685384841,6,8,38,14,0.46391785869143526,8.074633618296904,Organic compounds,Lipids and lipid-like molecules,Prenol lipids,Sesquiterpenoids
CHEMBL51483,GOSSYPOL,Cc1cc2c(C(C)C)c(O)c(O)c(C=O)c2c(O)c1-c1c(C)cc2c(C(C)C)c(O)c(O)c(C=O)c2c1O,518.56,155.52,Ki,480.0,6.318758762624412,CHEMBL4625,4.062987887489976,12.185202797409005,0.1312357685384841,6,8,38,14,0.45133991161602943,7.8985423592412225,Organic compounds,Lipids and lipid-like molecules,Prenol lipids,Sesquiterpenoids
CHEMBL51483,GOSSYPOL,Cc1cc2c(C(C)C)c(O)c(O)c(C=O)c2c(O)c1-c1c(C)cc2c(C(C)C)c(O)c(O)c(C=O)c2c1O,518.56,155.52,Ki,180.0,6.7447274948966935,CHEMBL4361,4.3368875352988,13.006648208301247,0.1312357685384841,6,8,38,14,0.4817662496354781,8.324511091513504,Organic compounds,Lipids and lipid-like molecules,Prenol lipids,Sesquiterpenoids
CHEMBL51483,GOSSYPOL,Cc1cc2c(C(C)C)c(O)c(O)c(C=O)c2c(O)c1-c1c(C)cc2c(C(C)C)c(O)c(O)c(C=O)c2c1O,518.56,155.52,Ki,190.0,6.721246399047171,CHEMBL4361,4.321789094037532,12.961366860242157,0.1312357685384841,6,8,38,14,0.4800890285033694,8.301029995663981,Organic compounds,Lipids and lipid-like molecules,Prenol lipids,Sesquiterpenoids
CHEMBL51483,GOSSYPOL,Cc1cc2c(C(C)C)c(O)c(O)c(C=O)c2c(O)c1-c1c(C)cc2c(C(C)C)c(O)c(O)c(C=O)c2c1O,518.56,155.52,Ki,180.0,6.7447274948966935,CHEMBL4361,4.3368875352988,13.006648208301247,0.1312357685384841,6,8,38,14,0.4817662496354781,8.324511091513504,Organic compounds,Lipids and lipid-like molecules,Prenol lipids,Sesquiterpenoids
CHEMBL51483,GOSSYPOL,Cc1cc2c(C(C)C)c(O)c(O)c(C=O)c2c(O)c1-c1c(C)cc2c(C(C)C)c(O)c(O)c(C=O)c2c1O,518.56,155.52,Ki,460.0,6.337242168318426,CHEMBL3817,4.074872793414626,12.220846514035843,0.1312357685384841,6,8,38,14,0.45266015487988753,7.917025764935236,Organic compounds,Lipids and lipid-like molecules,Prenol lipids,Sesquiterpenoids
CHEMBL51483,GOSSYPOL,Cc1cc2c(C(C)C)c(O)c(O)c(C=O)c2c(O)c1-c1c(C)cc2c(C(C)C)c(O)c(O)c(C=O)c2c1O,518.56,155.52,Ki,610.0,6.214670164989233,CHEMBL4625,3.996058490862418,11.984476560068718,0.1312357685384841,6,8,38,14,0.4439050117849452,7.794453761606043,Organic compounds,Lipids and lipid-like molecules,Prenol lipids,Sesquiterpenoids
CHEMBL51483,GOSSYPOL,Cc1cc2c(C(C)C)c(O)c(O)c(C=O)c2c(O)c1-c1c(C)cc2c(C(C)C)c(O)c(O)c(C=O)c2c1O,518.56,155.52,Ki,1900.0,5.721246399047171,CHEMBL4835,3.678784978811195,11.032949705043142,0.1312357685384841,6,8,38,14,0.4086604570747979,7.301029995663981,Organic compounds,Lipids and lipid-like molecules,Prenol lipids,Sesquiterpenoids
CHEMBL51483,GOSSYPOL,Cc1cc2c(C(C)C)c(O)c(O)c(C=O)c2c(O)c1-c1c(C)cc2c(C(C)C)c(O)c(O)c(C=O)c2c1O,518.56,155.52,Ki,1400.0,5.853871964321762,CHEMBL5169119,3.764063763066976,11.28870712033663,0.1312357685384841,6,8,38,14,0.4181337117372687,7.433655560938572,Organic compounds,Lipids and lipid-like molecules,Prenol lipids,Sesquiterpenoids
CHEMBL51483,GOSSYPOL,Cc1cc2c(C(C)C)c(O)c(O)c(C=O)c2c(O)c1-c1c(C)cc2c(C(C)C)c(O)c(O)c(C=O)c2c1O,518.56,155.52,Ki,320.0,6.494850021680094,CHEMBL4860,4.176215291718167,12.524780202252574,0.1312357685384841,6,8,38,14,0.46391785869143526,8.074633618296904,Organic compounds,Lipids and lipid-like molecules,Prenol lipids,Sesquiterpenoids
CHEMBL51483,GOSSYPOL,Cc1cc2c(C(C)C)c(O)c(O)c(C=O)c2c(O)c1-c1c(C)cc2c(C(C)C)c(O)c(O)c(C=O)c2c1O,518.56,155.52,Ki,450.0,6.346787486224656,CHEMBL4361,4.081010472109475,12.239253868838047,0.1312357685384841,6,8,38,14,0.45334196330176113,7.926571082841466,Organic compounds,Lipids and lipid-like molecules,Prenol lipids,Sesquiterpenoids
CHEMBL51483,GOSSYPOL,Cc1cc2c(C(C)C)c(O)c(O)c(C=O)c2c(O)c1-c1c(C)cc2c(C(C)C)c(O)c(O)c(C=O)c2c1O,518.56,155.52,Kd,1710.0,5.767003889607846,CHEMBL4625,3.7082072335441394,11.121189234819205,0.1312357685384841,6,8,38,14,0.4119288492577033,7.346787486224656,Organic compounds,Lipids and lipid-like molecules,Prenol lipids,Sesquiterpenoids
CHEMBL51483,GOSSYPOL,Cc1cc2c(C(C)C)c(O)c(O)c(C=O)c2c(O)c1-c1c(C)cc2c(C(C)C)c(O)c(O)c(C=O)c2c1O,518.56,155.52,Kd,338000.0,3.4710832997223453,CHEMBL4625,2.2319208460148823,6.693696582309368,0.1312357685384841,6,8,38,14,0.24793452140873895,5.050866896339155,Organic compounds,Lipids and lipid-like molecules,Prenol lipids,Sesquiterpenoids
CHEMBL51483,GOSSYPOL,Cc1cc2c(C(C)C)c(O)c(O)c(C=O)c2c(O)c1-c1c(C)cc2c(C(C)C)c(O)c(O)c(C=O)c2c1O,518.56,155.52,Kd,2324.0,5.633763876281707,CHEMBL4361,3.6225333566626197,10.864246907362133,0.1312357685384841,6,8,38,14,0.40241170544869337,7.213547472898517,Organic compounds,Lipids and lipid-like molecules,Prenol lipids,Sesquiterpenoids
CHEMBL51483,GOSSYPOL,Cc1cc2c(C(C)C)c(O)c(O)c(C=O)c2c(O)c1-c1c(C)cc2c(C(C)C)c(O)c(O)c(C=O)c2c1O,518.56,155.52,Kd,4800.0,5.318758762624412,CHEMBL4860,3.4199837722636395,10.256785642209993,0.1312357685384841,6,8,38,14,0.37991134018745804,6.8985423592412225,Organic compounds,Lipids and lipid-like molecules,Prenol lipids,Sesquiterpenoids
CHEMBL51483,GOSSYPOL,Cc1cc2c(C(C)C)c(O)c(O)c(C=O)c2c(O)c1-c1c(C)cc2c(C(C)C)c(O)c(O)c(C=O)c2c1O,518.56,155.52,Kd,2650.0,5.576754126063192,CHEMBL4361,3.5858758526640893,10.75430832702714,0.1312357685384841,6,8,38,14,0.39833958043308515,7.156537722680002,Organic compounds,Lipids and lipid-like molecules,Prenol lipids,Sesquiterpenoids
CHEMBL51483,GOSSYPOL,Cc1cc2c(C(C)C)c(O)c(O)c(C=O)c2c(O)c1-c1c(C)cc2c(C(C)C)c(O)c(O)c(C=O)c2c1O,518.56,155.52,Kd,2630.27,5.579999668433626,CHEMBL4361,3.5879627497644195,10.760567086612209,0.1312357685384841,6,8,38,14,0.3985714048881161,7.159783265050436,Organic compounds,Lipids and lipid-like molecules,Prenol lipids,Sesquiterpenoids
CHEMBL51483,GOSSYPOL,Cc1cc2c(C(C)C)c(O)c(O)c(C=O)c2c(O)c1-c1c(C)cc2c(C(C)C)c(O)c(O)c(C=O)c2c1O,518.56,155.52,Kd,2650.0,5.576754126063192,CHEMBL4361,3.5858758526640893,10.75430832702714,0.1312357685384841,6,8,38,14,0.39833958043308515,7.156537722680002,Organic compounds,Lipids and lipid-like molecules,Prenol lipids,Sesquiterpenoids
CHEMBL4247875,,Cc1cc2c(C)c(O)c(O)c(C=O)c2c(O)c1-c1c(C)cc2c(C(C)C)c(O)c(O)c(C=O)c2c1O,490.51,155.52,IC50,13410.0,4.872571222148401,CHEMBL613979,3.133083347574846,9.933683762101488,0.16022200310260834,6,8,36,14,0.3480408015820286,6.428873722915688,Organic compounds,Lipids and lipid-like molecules,Prenol lipids,Sesquiterpenoids
CHEMBL4247875,,Cc1cc2c(C)c(O)c(O)c(C=O)c2c(O)c1-c1c(C)cc2c(C(C)C)c(O)c(O)c(C=O)c2c1O,490.51,155.52,IC50,1940.0,5.7121982700697735,CHEMBL614177,3.67296699464363,11.64542673965826,0.16022200310260834,6,8,36,14,0.408014162147841,7.268500770837061,Organic compounds,Lipids and lipid-like molecules,Prenol lipids,Sesquiterpenoids
CHEMBL4247875,,Cc1cc2c(C)c(O)c(O)c(C=O)c2c(O)c1-c1c(C)cc2c(C(C)C)c(O)c(O)c(C=O)c2c1O,490.51,155.52,IC50,5800.0,5.236572006437063,CHEMBL614245,3.36713734981807,10.675770129940394,0.16022200310260834,6,8,36,14,0.3740408576026474,6.792874507204351,Organic compounds,Lipids and lipid-like molecules,Prenol lipids,Sesquiterpenoids
CHEMBL4247875,,Cc1cc2c(C)c(O)c(O)c(C=O)c2c(O)c1-c1c(C)cc2c(C(C)C)c(O)c(O)c(C=O)c2c1O,490.51,155.52,IC50,1230.0,5.910094888560602,CHEMBL2366159,3.800215334722609,12.04887747153086,0.16022200310260834,6,8,36,14,0.4221496348971859,7.46639738932789,Organic compounds,Lipids and lipid-like molecules,Prenol lipids,Sesquiterpenoids
CHEMBL4247875,,Cc1cc2c(C)c(O)c(O)c(C=O)c2c(O)c1-c1c(C)cc2c(C(C)C)c(O)c(O)c(C=O)c2c1O,490.51,155.52,IC50,1430.0,5.844663962534939,CHEMBL397,3.7581429800250374,11.915483807740797,0.16022200310260834,6,8,36,14,0.4174759973239242,7.400966463302225,Organic compounds,Lipids and lipid-like molecules,Prenol lipids,Sesquiterpenoids
CHEMBL4247875,,Cc1cc2c(C)c(O)c(O)c(C=O)c2c(O)c1-c1c(C)cc2c(C(C)C)c(O)c(O)c(C=O)c2c1O,490.51,155.52,Ki,530.0,6.275724130399211,CHEMBL4361,4.03531644187192,12.794283766690201,0.16022200310260834,6,8,36,14,0.44826600931422933,7.832026631166498,Organic compounds,Lipids and lipid-like molecules,Prenol lipids,Sesquiterpenoids
CHEMBL4247875,,Cc1cc2c(C)c(O)c(O)c(C=O)c2c(O)c1-c1c(C)cc2c(C(C)C)c(O)c(O)c(C=O)c2c1O,490.51,155.52,Ki,880.0,6.055517327849832,CHEMBL4860,3.893722561631836,12.345349387066179,0.16022200310260834,6,8,36,14,0.4325369519892737,7.611819828617119,Organic compounds,Lipids and lipid-like molecules,Prenol lipids,Sesquiterpenoids
